JRV;DEPTO_ID;DEPTO_NOMBRE;MCPIO_ID;MCPIO_NOMBRE
11;1;ATLANTIDA;1;LA CEIBA
154;1;ATLANTIDA;1;LA CEIBA
221;1;ATLANTIDA;1;LA CEIBA
222;1;ATLANTIDA;1;LA CEIBA
225;1;ATLANTIDA;1;LA CEIBA
232;1;ATLANTIDA;1;LA CEIBA
248;1;ATLANTIDA;1;LA CEIBA
663;1;ATLANTIDA;7;TELA
686;1;ATLANTIDA;7;TELA
693;1;ATLANTIDA;7;TELA
706;1;ATLANTIDA;7;TELA
708;1;ATLANTIDA;7;TELA
746;1;ATLANTIDA;7;TELA
767;1;ATLANTIDA;7;TELA
987;2;COLON;1;TRUJILLO
1218;2;COLON;5;SABA
1252;2;COLON;7;SANTA ROSA AGUAN
1365;2;COLON;8;SONAGUERA
1436;2;COLON;9;TOCOA
1485;2;COLON;9;TOCOA
1516;2;COLON;9;TOCOA
1552;2;COLON;9;TOCOA
1689;3;COMAYAGUA;1;COMAYAGUA
1745;3;COMAYAGUA;1;COMAYAGUA
1770;3;COMAYAGUA;1;COMAYAGUA
1793;3;COMAYAGUA;1;COMAYAGUA
1890;3;COMAYAGUA;1;COMAYAGUA
1918;3;COMAYAGUA;1;COMAYAGUA
1957;3;COMAYAGUA;2;AJUTERIQUE
1979;3;COMAYAGUA;3;EL ROSARIO
2144;3;COMAYAGUA;7;LAMANI
2207;3;COMAYAGUA;10;MEAMBAR
2261;3;COMAYAGUA;12;OJOS DE AGUA
2267;3;COMAYAGUA;12;OJOS DE AGUA
2362;3;COMAYAGUA;15;SAN JOSE DEL POTRERO
2396;3;COMAYAGUA;17;SAN SEBASTIAN
2414;3;COMAYAGUA;18;SIGUATEPEQUE
2427;3;COMAYAGUA;18;SIGUATEPEQUE
2479;3;COMAYAGUA;18;SIGUATEPEQUE
2575;3;COMAYAGUA;18;SIGUATEPEQUE
2581;3;COMAYAGUA;18;SIGUATEPEQUE
2589;3;COMAYAGUA;18;SIGUATEPEQUE
2608;3;COMAYAGUA;18;SIGUATEPEQUE
2611;3;COMAYAGUA;18;SIGUATEPEQUE
2614;3;COMAYAGUA;18;SIGUATEPEQUE
2617;3;COMAYAGUA;18;SIGUATEPEQUE
2819;4;COPAN;1;SANTA ROSA DE COPAN
2843;4;COPAN;1;SANTA ROSA DE COPAN
3124;4;COPAN;7;DOLORES
3160;4;COPAN;9;EL PARAISO
3280;4;COPAN;11;LA JIGUA
3303;4;COPAN;12;LA UNION
3372;4;COPAN;13;NUEVA ARCADIA
3418;4;COPAN;14;SAN AGUSTIN
3439;4;COPAN;15;SAN ANTONIO
3493;4;COPAN;18;SAN JUAN DE OPOA
3597;4;COPAN;21;SANTA RITA
3602;4;COPAN;21;SANTA RITA
3622;4;COPAN;22;TRINIDAD
3640;4;COPAN;23;VERACRUZ
3648;5;CORTES;1;SAN PEDRO SULA
3678;5;CORTES;1;SAN PEDRO SULA
3701;5;CORTES;1;SAN PEDRO SULA
3719;5;CORTES;1;SAN PEDRO SULA
3727;5;CORTES;1;SAN PEDRO SULA
3731;5;CORTES;1;SAN PEDRO SULA
3732;5;CORTES;1;SAN PEDRO SULA
3739;5;CORTES;1;SAN PEDRO SULA
3747;5;CORTES;1;SAN PEDRO SULA
3766;5;CORTES;1;SAN PEDRO SULA
3769;5;CORTES;1;SAN PEDRO SULA
3773;5;CORTES;1;SAN PEDRO SULA
3777;5;CORTES;1;SAN PEDRO SULA
3802;5;CORTES;1;SAN PEDRO SULA
3842;5;CORTES;1;SAN PEDRO SULA
3847;5;CORTES;1;SAN PEDRO SULA
3849;5;CORTES;1;SAN PEDRO SULA
3852;5;CORTES;1;SAN PEDRO SULA
3872;5;CORTES;1;SAN PEDRO SULA
3882;5;CORTES;1;SAN PEDRO SULA
3889;5;CORTES;1;SAN PEDRO SULA
3917;5;CORTES;1;SAN PEDRO SULA
3927;5;CORTES;1;SAN PEDRO SULA
3939;5;CORTES;1;SAN PEDRO SULA
3942;5;CORTES;1;SAN PEDRO SULA
3945;5;CORTES;1;SAN PEDRO SULA
3952;5;CORTES;1;SAN PEDRO SULA
3958;5;CORTES;1;SAN PEDRO SULA
3964;5;CORTES;1;SAN PEDRO SULA
3967;5;CORTES;1;SAN PEDRO SULA
3978;5;CORTES;1;SAN PEDRO SULA
4003;5;CORTES;1;SAN PEDRO SULA
4010;5;CORTES;1;SAN PEDRO SULA
4013;5;CORTES;1;SAN PEDRO SULA
4027;5;CORTES;1;SAN PEDRO SULA
4028;5;CORTES;1;SAN PEDRO SULA
4034;5;CORTES;1;SAN PEDRO SULA
4036;5;CORTES;1;SAN PEDRO SULA
4044;5;CORTES;1;SAN PEDRO SULA
4050;5;CORTES;1;SAN PEDRO SULA
4052;5;CORTES;1;SAN PEDRO SULA
4055;5;CORTES;1;SAN PEDRO SULA
4071;5;CORTES;1;SAN PEDRO SULA
4082;5;CORTES;1;SAN PEDRO SULA
4083;5;CORTES;1;SAN PEDRO SULA
4095;5;CORTES;1;SAN PEDRO SULA
4109;5;CORTES;1;SAN PEDRO SULA
4110;5;CORTES;1;SAN PEDRO SULA
4118;5;CORTES;1;SAN PEDRO SULA
4119;5;CORTES;1;SAN PEDRO SULA
4120;5;CORTES;1;SAN PEDRO SULA
4130;5;CORTES;1;SAN PEDRO SULA
4135;5;CORTES;1;SAN PEDRO SULA
4139;5;CORTES;1;SAN PEDRO SULA
4154;5;CORTES;1;SAN PEDRO SULA
4155;5;CORTES;1;SAN PEDRO SULA
4183;5;CORTES;1;SAN PEDRO SULA
4189;5;CORTES;1;SAN PEDRO SULA
4198;5;CORTES;1;SAN PEDRO SULA
4202;5;CORTES;1;SAN PEDRO SULA
4213;5;CORTES;1;SAN PEDRO SULA
4218;5;CORTES;1;SAN PEDRO SULA
4223;5;CORTES;1;SAN PEDRO SULA
4231;5;CORTES;1;SAN PEDRO SULA
4247;5;CORTES;1;SAN PEDRO SULA
4248;5;CORTES;1;SAN PEDRO SULA
4257;5;CORTES;1;SAN PEDRO SULA
4269;5;CORTES;1;SAN PEDRO SULA
4279;5;CORTES;1;SAN PEDRO SULA
4283;5;CORTES;1;SAN PEDRO SULA
4289;5;CORTES;1;SAN PEDRO SULA
4293;5;CORTES;1;SAN PEDRO SULA
4294;5;CORTES;1;SAN PEDRO SULA
4319;5;CORTES;1;SAN PEDRO SULA
4323;5;CORTES;1;SAN PEDRO SULA
4330;5;CORTES;1;SAN PEDRO SULA
4334;5;CORTES;1;SAN PEDRO SULA
4338;5;CORTES;1;SAN PEDRO SULA
4341;5;CORTES;1;SAN PEDRO SULA
4352;5;CORTES;1;SAN PEDRO SULA
4353;5;CORTES;1;SAN PEDRO SULA
4354;5;CORTES;1;SAN PEDRO SULA
4387;5;CORTES;1;SAN PEDRO SULA
4388;5;CORTES;1;SAN PEDRO SULA
4406;5;CORTES;1;SAN PEDRO SULA
4417;5;CORTES;1;SAN PEDRO SULA
4418;5;CORTES;1;SAN PEDRO SULA
4431;5;CORTES;1;SAN PEDRO SULA
4432;5;CORTES;1;SAN PEDRO SULA
4438;5;CORTES;1;SAN PEDRO SULA
4440;5;CORTES;1;SAN PEDRO SULA
4441;5;CORTES;1;SAN PEDRO SULA
4442;5;CORTES;1;SAN PEDRO SULA
4444;5;CORTES;1;SAN PEDRO SULA
4448;5;CORTES;1;SAN PEDRO SULA
4449;5;CORTES;1;SAN PEDRO SULA
4454;5;CORTES;1;SAN PEDRO SULA
4455;5;CORTES;1;SAN PEDRO SULA
4457;5;CORTES;1;SAN PEDRO SULA
4461;5;CORTES;1;SAN PEDRO SULA
4468;5;CORTES;1;SAN PEDRO SULA
4470;5;CORTES;1;SAN PEDRO SULA
4472;5;CORTES;1;SAN PEDRO SULA
4474;5;CORTES;1;SAN PEDRO SULA
4477;5;CORTES;1;SAN PEDRO SULA
4478;5;CORTES;1;SAN PEDRO SULA
4484;5;CORTES;1;SAN PEDRO SULA
4487;5;CORTES;1;SAN PEDRO SULA
4499;5;CORTES;1;SAN PEDRO SULA
4501;5;CORTES;1;SAN PEDRO SULA
4506;5;CORTES;1;SAN PEDRO SULA
4508;5;CORTES;1;SAN PEDRO SULA
4509;5;CORTES;1;SAN PEDRO SULA
4520;5;CORTES;1;SAN PEDRO SULA
4528;5;CORTES;1;SAN PEDRO SULA
4529;5;CORTES;1;SAN PEDRO SULA
4534;5;CORTES;1;SAN PEDRO SULA
4544;5;CORTES;1;SAN PEDRO SULA
4554;5;CORTES;1;SAN PEDRO SULA
4571;5;CORTES;1;SAN PEDRO SULA
4573;5;CORTES;1;SAN PEDRO SULA
4574;5;CORTES;1;SAN PEDRO SULA
4582;5;CORTES;1;SAN PEDRO SULA
4584;5;CORTES;1;SAN PEDRO SULA
4598;5;CORTES;1;SAN PEDRO SULA
4600;5;CORTES;1;SAN PEDRO SULA
4602;5;CORTES;1;SAN PEDRO SULA
4604;5;CORTES;1;SAN PEDRO SULA
4617;5;CORTES;1;SAN PEDRO SULA
4619;5;CORTES;1;SAN PEDRO SULA
4625;5;CORTES;1;SAN PEDRO SULA
4626;5;CORTES;1;SAN PEDRO SULA
4629;5;CORTES;1;SAN PEDRO SULA
4634;5;CORTES;1;SAN PEDRO SULA
4644;5;CORTES;1;SAN PEDRO SULA
4660;5;CORTES;1;SAN PEDRO SULA
4661;5;CORTES;1;SAN PEDRO SULA
4662;5;CORTES;1;SAN PEDRO SULA
4668;5;CORTES;1;SAN PEDRO SULA
4674;5;CORTES;1;SAN PEDRO SULA
4676;5;CORTES;1;SAN PEDRO SULA
4692;5;CORTES;1;SAN PEDRO SULA
4704;5;CORTES;1;SAN PEDRO SULA
4708;5;CORTES;1;SAN PEDRO SULA
4715;5;CORTES;1;SAN PEDRO SULA
4731;5;CORTES;1;SAN PEDRO SULA
4736;5;CORTES;1;SAN PEDRO SULA
4741;5;CORTES;1;SAN PEDRO SULA
4750;5;CORTES;1;SAN PEDRO SULA
4754;5;CORTES;1;SAN PEDRO SULA
4759;5;CORTES;1;SAN PEDRO SULA
4773;5;CORTES;1;SAN PEDRO SULA
4800;5;CORTES;1;SAN PEDRO SULA
4807;5;CORTES;1;SAN PEDRO SULA
4816;5;CORTES;1;SAN PEDRO SULA
4817;5;CORTES;1;SAN PEDRO SULA
4843;5;CORTES;1;SAN PEDRO SULA
4848;5;CORTES;1;SAN PEDRO SULA
4858;5;CORTES;1;SAN PEDRO SULA
4874;5;CORTES;1;SAN PEDRO SULA
4880;5;CORTES;1;SAN PEDRO SULA
4882;5;CORTES;1;SAN PEDRO SULA
4922;5;CORTES;1;SAN PEDRO SULA
4930;5;CORTES;1;SAN PEDRO SULA
4941;5;CORTES;1;SAN PEDRO SULA
4943;5;CORTES;1;SAN PEDRO SULA
4946;5;CORTES;1;SAN PEDRO SULA
4954;5;CORTES;1;SAN PEDRO SULA
4955;5;CORTES;1;SAN PEDRO SULA
4956;5;CORTES;1;SAN PEDRO SULA
4958;5;CORTES;1;SAN PEDRO SULA
4963;5;CORTES;1;SAN PEDRO SULA
5019;5;CORTES;1;SAN PEDRO SULA
5024;5;CORTES;1;SAN PEDRO SULA
5028;5;CORTES;1;SAN PEDRO SULA
5040;5;CORTES;1;SAN PEDRO SULA
5053;5;CORTES;1;SAN PEDRO SULA
5059;5;CORTES;1;SAN PEDRO SULA
5066;5;CORTES;1;SAN PEDRO SULA
5081;5;CORTES;1;SAN PEDRO SULA
5087;5;CORTES;1;SAN PEDRO SULA
5093;5;CORTES;1;SAN PEDRO SULA
5104;5;CORTES;1;SAN PEDRO SULA
5108;5;CORTES;1;SAN PEDRO SULA
5115;5;CORTES;1;SAN PEDRO SULA
5131;5;CORTES;1;SAN PEDRO SULA
5140;5;CORTES;1;SAN PEDRO SULA
5146;5;CORTES;1;SAN PEDRO SULA
5158;5;CORTES;1;SAN PEDRO SULA
5172;5;CORTES;2;CHOLOMA
5173;5;CORTES;2;CHOLOMA
5174;5;CORTES;2;CHOLOMA
5188;5;CORTES;2;CHOLOMA
5195;5;CORTES;2;CHOLOMA
5202;5;CORTES;2;CHOLOMA
5204;5;CORTES;2;CHOLOMA
5208;5;CORTES;2;CHOLOMA
5224;5;CORTES;2;CHOLOMA
5240;5;CORTES;2;CHOLOMA
5242;5;CORTES;2;CHOLOMA
5244;5;CORTES;2;CHOLOMA
5249;5;CORTES;2;CHOLOMA
5257;5;CORTES;2;CHOLOMA
5263;5;CORTES;2;CHOLOMA
5265;5;CORTES;2;CHOLOMA
5271;5;CORTES;2;CHOLOMA
5289;5;CORTES;2;CHOLOMA
5291;5;CORTES;2;CHOLOMA
5294;5;CORTES;2;CHOLOMA
5300;5;CORTES;2;CHOLOMA
5303;5;CORTES;2;CHOLOMA
5307;5;CORTES;2;CHOLOMA
5311;5;CORTES;2;CHOLOMA
5312;5;CORTES;2;CHOLOMA
5315;5;CORTES;2;CHOLOMA
5316;5;CORTES;2;CHOLOMA
5323;5;CORTES;2;CHOLOMA
5325;5;CORTES;2;CHOLOMA
5335;5;CORTES;2;CHOLOMA
5343;5;CORTES;2;CHOLOMA
5348;5;CORTES;2;CHOLOMA
5349;5;CORTES;2;CHOLOMA
5354;5;CORTES;2;CHOLOMA
5355;5;CORTES;2;CHOLOMA
5357;5;CORTES;2;CHOLOMA
5358;5;CORTES;2;CHOLOMA
5359;5;CORTES;2;CHOLOMA
5362;5;CORTES;2;CHOLOMA
5365;5;CORTES;2;CHOLOMA
5391;5;CORTES;2;CHOLOMA
5403;5;CORTES;2;CHOLOMA
5404;5;CORTES;2;CHOLOMA
5421;5;CORTES;2;CHOLOMA
5436;5;CORTES;2;CHOLOMA
5438;5;CORTES;2;CHOLOMA
5447;5;CORTES;2;CHOLOMA
5449;5;CORTES;2;CHOLOMA
5455;5;CORTES;2;CHOLOMA
5461;5;CORTES;2;CHOLOMA
5462;5;CORTES;2;CHOLOMA
5469;5;CORTES;2;CHOLOMA
5470;5;CORTES;2;CHOLOMA
5477;5;CORTES;2;CHOLOMA
5484;5;CORTES;2;CHOLOMA
5495;5;CORTES;2;CHOLOMA
5499;5;CORTES;2;CHOLOMA
5508;5;CORTES;2;CHOLOMA
5510;5;CORTES;2;CHOLOMA
5512;5;CORTES;2;CHOLOMA
5513;5;CORTES;2;CHOLOMA
5519;5;CORTES;2;CHOLOMA
5522;5;CORTES;2;CHOLOMA
5524;5;CORTES;2;CHOLOMA
5527;5;CORTES;2;CHOLOMA
5531;5;CORTES;2;CHOLOMA
5536;5;CORTES;2;CHOLOMA
5544;5;CORTES;2;CHOLOMA
5545;5;CORTES;2;CHOLOMA
5546;5;CORTES;2;CHOLOMA
5559;5;CORTES;2;CHOLOMA
5569;5;CORTES;2;CHOLOMA
5570;5;CORTES;2;CHOLOMA
5571;5;CORTES;2;CHOLOMA
5574;5;CORTES;2;CHOLOMA
5575;5;CORTES;2;CHOLOMA
5577;5;CORTES;2;CHOLOMA
5582;5;CORTES;2;CHOLOMA
5585;5;CORTES;2;CHOLOMA
5586;5;CORTES;2;CHOLOMA
5595;5;CORTES;2;CHOLOMA
5597;5;CORTES;2;CHOLOMA
5607;5;CORTES;3;OMOA
5608;5;CORTES;3;OMOA
5625;5;CORTES;3;OMOA
5639;5;CORTES;3;OMOA
5640;5;CORTES;3;OMOA
5643;5;CORTES;3;OMOA
5650;5;CORTES;3;OMOA
5657;5;CORTES;3;OMOA
5676;5;CORTES;3;OMOA
5680;5;CORTES;3;OMOA
5690;5;CORTES;3;OMOA
5691;5;CORTES;3;OMOA
5693;5;CORTES;3;OMOA
5695;5;CORTES;3;OMOA
5696;5;CORTES;3;OMOA
5730;5;CORTES;4;PIMIENTA
5754;5;CORTES;4;PIMIENTA
5755;5;CORTES;4;PIMIENTA
5756;5;CORTES;4;PIMIENTA
5760;5;CORTES;4;PIMIENTA
5763;5;CORTES;4;PIMIENTA
5787;5;CORTES;5;POTRERILLOS
5828;5;CORTES;6;PUERTO CORTES
5834;5;CORTES;6;PUERTO CORTES
5858;5;CORTES;6;PUERTO CORTES
5870;5;CORTES;6;PUERTO CORTES
5871;5;CORTES;6;PUERTO CORTES
5873;5;CORTES;6;PUERTO CORTES
5902;5;CORTES;6;PUERTO CORTES
5908;5;CORTES;6;PUERTO CORTES
5917;5;CORTES;6;PUERTO CORTES
5924;5;CORTES;6;PUERTO CORTES
5928;5;CORTES;6;PUERTO CORTES
5970;5;CORTES;6;PUERTO CORTES
5986;5;CORTES;6;PUERTO CORTES
5989;5;CORTES;6;PUERTO CORTES
5990;5;CORTES;6;PUERTO CORTES
6064;5;CORTES;6;PUERTO CORTES
6104;5;CORTES;7;SAN ANTONIO DE CORTES
6107;5;CORTES;7;SAN ANTONIO DE CORTES
6113;5;CORTES;7;SAN ANTONIO DE CORTES
6124;5;CORTES;7;SAN ANTONIO DE CORTES
6125;5;CORTES;7;SAN ANTONIO DE CORTES
6139;5;CORTES;7;SAN ANTONIO DE CORTES
6141;5;CORTES;7;SAN ANTONIO DE CORTES
6148;5;CORTES;7;SAN ANTONIO DE CORTES
6150;5;CORTES;7;SAN ANTONIO DE CORTES
6168;5;CORTES;8;SAN FRANCISCO DE YOJOA
6183;5;CORTES;8;SAN FRANCISCO DE YOJOA
6220;5;CORTES;9;SAN MANUEL
6222;5;CORTES;9;SAN MANUEL
6225;5;CORTES;9;SAN MANUEL
6227;5;CORTES;9;SAN MANUEL
6236;5;CORTES;9;SAN MANUEL
6259;5;CORTES;9;SAN MANUEL
6262;5;CORTES;9;SAN MANUEL
6263;5;CORTES;9;SAN MANUEL
6268;5;CORTES;9;SAN MANUEL
6285;5;CORTES;9;SAN MANUEL
6286;5;CORTES;9;SAN MANUEL
6291;5;CORTES;9;SAN MANUEL
6293;5;CORTES;9;SAN MANUEL
6294;5;CORTES;9;SAN MANUEL
6325;5;CORTES;10;SANTA CRUZ DE YOJOA
6341;5;CORTES;10;SANTA CRUZ DE YOJOA
6342;5;CORTES;10;SANTA CRUZ DE YOJOA
6345;5;CORTES;10;SANTA CRUZ DE YOJOA
6370;5;CORTES;10;SANTA CRUZ DE YOJOA
6381;5;CORTES;10;SANTA CRUZ DE YOJOA
6393;5;CORTES;10;SANTA CRUZ DE YOJOA
6397;5;CORTES;10;SANTA CRUZ DE YOJOA
6398;5;CORTES;10;SANTA CRUZ DE YOJOA
6399;5;CORTES;10;SANTA CRUZ DE YOJOA
6400;5;CORTES;10;SANTA CRUZ DE YOJOA
6412;5;CORTES;10;SANTA CRUZ DE YOJOA
6417;5;CORTES;10;SANTA CRUZ DE YOJOA
6431;5;CORTES;10;SANTA CRUZ DE YOJOA
6447;5;CORTES;10;SANTA CRUZ DE YOJOA
6449;5;CORTES;10;SANTA CRUZ DE YOJOA
6450;5;CORTES;10;SANTA CRUZ DE YOJOA
6463;5;CORTES;10;SANTA CRUZ DE YOJOA
6480;5;CORTES;10;SANTA CRUZ DE YOJOA
6481;5;CORTES;10;SANTA CRUZ DE YOJOA
6489;5;CORTES;10;SANTA CRUZ DE YOJOA
6499;5;CORTES;10;SANTA CRUZ DE YOJOA
6507;5;CORTES;11;VILLANUEVA
6538;5;CORTES;11;VILLANUEVA
6544;5;CORTES;11;VILLANUEVA
6551;5;CORTES;11;VILLANUEVA
6563;5;CORTES;11;VILLANUEVA
6572;5;CORTES;11;VILLANUEVA
6583;5;CORTES;11;VILLANUEVA
6599;5;CORTES;11;VILLANUEVA
6607;5;CORTES;11;VILLANUEVA
6611;5;CORTES;11;VILLANUEVA
6624;5;CORTES;11;VILLANUEVA
6631;5;CORTES;11;VILLANUEVA
6636;5;CORTES;11;VILLANUEVA
6649;5;CORTES;11;VILLANUEVA
6651;5;CORTES;11;VILLANUEVA
6652;5;CORTES;11;VILLANUEVA
6662;5;CORTES;11;VILLANUEVA
6668;5;CORTES;11;VILLANUEVA
6680;5;CORTES;11;VILLANUEVA
6694;5;CORTES;11;VILLANUEVA
6707;5;CORTES;11;VILLANUEVA
6712;5;CORTES;11;VILLANUEVA
6714;5;CORTES;11;VILLANUEVA
6718;5;CORTES;11;VILLANUEVA
6724;5;CORTES;11;VILLANUEVA
6741;5;CORTES;11;VILLANUEVA
6743;5;CORTES;11;VILLANUEVA
6758;5;CORTES;11;VILLANUEVA
6772;5;CORTES;11;VILLANUEVA
6782;5;CORTES;11;VILLANUEVA
6784;5;CORTES;11;VILLANUEVA
6793;5;CORTES;11;VILLANUEVA
6796;5;CORTES;11;VILLANUEVA
6799;5;CORTES;11;VILLANUEVA
6804;5;CORTES;11;VILLANUEVA
6808;5;CORTES;12;LA LIMA
6810;5;CORTES;12;LA LIMA
6811;5;CORTES;12;LA LIMA
6813;5;CORTES;12;LA LIMA
6814;5;CORTES;12;LA LIMA
6815;5;CORTES;12;LA LIMA
6816;5;CORTES;12;LA LIMA
6818;5;CORTES;12;LA LIMA
6819;5;CORTES;12;LA LIMA
6820;5;CORTES;12;LA LIMA
6821;5;CORTES;12;LA LIMA
6822;5;CORTES;12;LA LIMA
6823;5;CORTES;12;LA LIMA
6825;5;CORTES;12;LA LIMA
6827;5;CORTES;12;LA LIMA
6837;5;CORTES;12;LA LIMA
6849;5;CORTES;12;LA LIMA
6856;5;CORTES;12;LA LIMA
6859;5;CORTES;12;LA LIMA
6860;5;CORTES;12;LA LIMA
6865;5;CORTES;12;LA LIMA
6872;5;CORTES;12;LA LIMA
6878;5;CORTES;12;LA LIMA
6903;5;CORTES;12;LA LIMA
6907;5;CORTES;12;LA LIMA
6913;5;CORTES;12;LA LIMA
6918;5;CORTES;12;LA LIMA
6927;5;CORTES;12;LA LIMA
6928;5;CORTES;12;LA LIMA
6930;5;CORTES;12;LA LIMA
6942;5;CORTES;12;LA LIMA
6946;5;CORTES;12;LA LIMA
6952;5;CORTES;12;LA LIMA
6953;5;CORTES;12;LA LIMA
6954;5;CORTES;12;LA LIMA
6956;5;CORTES;12;LA LIMA
6957;5;CORTES;12;LA LIMA
6961;5;CORTES;12;LA LIMA
6962;5;CORTES;12;LA LIMA
6964;5;CORTES;12;LA LIMA
6965;5;CORTES;12;LA LIMA
6967;5;CORTES;12;LA LIMA
6972;5;CORTES;12;LA LIMA
6976;6;CHOLUTECA;1;CHOLUTECA
6994;6;CHOLUTECA;1;CHOLUTECA
7034;6;CHOLUTECA;1;CHOLUTECA
7056;6;CHOLUTECA;1;CHOLUTECA
7063;6;CHOLUTECA;1;CHOLUTECA
7099;6;CHOLUTECA;1;CHOLUTECA
7102;6;CHOLUTECA;1;CHOLUTECA
7114;6;CHOLUTECA;1;CHOLUTECA
7132;6;CHOLUTECA;1;CHOLUTECA
7139;6;CHOLUTECA;1;CHOLUTECA
7152;6;CHOLUTECA;1;CHOLUTECA
7156;6;CHOLUTECA;1;CHOLUTECA
7181;6;CHOLUTECA;1;CHOLUTECA
7201;6;CHOLUTECA;1;CHOLUTECA
7217;6;CHOLUTECA;1;CHOLUTECA
7219;6;CHOLUTECA;1;CHOLUTECA
7226;6;CHOLUTECA;1;CHOLUTECA
7243;6;CHOLUTECA;1;CHOLUTECA
7259;6;CHOLUTECA;1;CHOLUTECA
7287;6;CHOLUTECA;1;CHOLUTECA
7327;6;CHOLUTECA;2;APACILAGUA
7330;6;CHOLUTECA;2;APACILAGUA
7333;6;CHOLUTECA;2;APACILAGUA
7334;6;CHOLUTECA;2;APACILAGUA
7338;6;CHOLUTECA;2;APACILAGUA
7340;6;CHOLUTECA;2;APACILAGUA
7344;6;CHOLUTECA;2;APACILAGUA
7378;6;CHOLUTECA;3;CONCEPCION DE MARIA
7381;6;CHOLUTECA;3;CONCEPCION DE MARIA
7400;6;CHOLUTECA;3;CONCEPCION DE MARIA
7408;6;CHOLUTECA;3;CONCEPCION DE MARIA
7415;6;CHOLUTECA;3;CONCEPCION DE MARIA
7450;6;CHOLUTECA;5;EL CORPUS
7487;6;CHOLUTECA;6;EL TRIUNFO
7500;6;CHOLUTECA;6;EL TRIUNFO
7510;6;CHOLUTECA;6;EL TRIUNFO
7534;6;CHOLUTECA;6;EL TRIUNFO
7537;6;CHOLUTECA;6;EL TRIUNFO
7538;6;CHOLUTECA;6;EL TRIUNFO
7556;6;CHOLUTECA;6;EL TRIUNFO
7561;6;CHOLUTECA;6;EL TRIUNFO
7569;6;CHOLUTECA;6;EL TRIUNFO
7581;6;CHOLUTECA;6;EL TRIUNFO
7593;6;CHOLUTECA;6;EL TRIUNFO
7596;6;CHOLUTECA;7;MARCOVIA
7614;6;CHOLUTECA;7;MARCOVIA
7632;6;CHOLUTECA;7;MARCOVIA
7664;6;CHOLUTECA;7;MARCOVIA
7669;6;CHOLUTECA;7;MARCOVIA
7740;6;CHOLUTECA;9;NAMASIGUE
7743;6;CHOLUTECA;9;NAMASIGUE
7753;6;CHOLUTECA;9;NAMASIGUE
7771;6;CHOLUTECA;9;NAMASIGUE
7791;6;CHOLUTECA;9;NAMASIGUE
7795;6;CHOLUTECA;9;NAMASIGUE
7806;6;CHOLUTECA;10;OROCUINA
7813;6;CHOLUTECA;10;OROCUINA
7815;6;CHOLUTECA;10;OROCUINA
7817;6;CHOLUTECA;10;OROCUINA
7818;6;CHOLUTECA;10;OROCUINA
7842;6;CHOLUTECA;10;OROCUINA
7872;6;CHOLUTECA;11;PESPIRE
7886;6;CHOLUTECA;11;PESPIRE
7929;6;CHOLUTECA;12;SAN ANTONIO DE FLORES
7953;6;CHOLUTECA;14;SAN JOSE
7973;6;CHOLUTECA;15;SAN MARCOS DE COLON
7984;6;CHOLUTECA;15;SAN MARCOS DE COLON
7992;6;CHOLUTECA;15;SAN MARCOS DE COLON
8002;6;CHOLUTECA;15;SAN MARCOS DE COLON
8042;6;CHOLUTECA;16;SANTA ANA DE YUSGUARE
8073;6;CHOLUTECA;16;SANTA ANA DE YUSGUARE
8078;7;EL PARAISO;1;YUSCARAN
8080;7;EL PARAISO;1;YUSCARAN
8083;7;EL PARAISO;1;YUSCARAN
8118;7;EL PARAISO;2;ALAUCA
8133;7;EL PARAISO;2;ALAUCA
8145;7;EL PARAISO;3;DANLI
8147;7;EL PARAISO;3;DANLI
8148;7;EL PARAISO;3;DANLI
8149;7;EL PARAISO;3;DANLI
8154;7;EL PARAISO;3;DANLI
8167;7;EL PARAISO;3;DANLI
8168;7;EL PARAISO;3;DANLI
8182;7;EL PARAISO;3;DANLI
8187;7;EL PARAISO;3;DANLI
8192;7;EL PARAISO;3;DANLI
8196;7;EL PARAISO;3;DANLI
8204;7;EL PARAISO;3;DANLI
8205;7;EL PARAISO;3;DANLI
8218;7;EL PARAISO;3;DANLI
8219;7;EL PARAISO;3;DANLI
8220;7;EL PARAISO;3;DANLI
8224;7;EL PARAISO;3;DANLI
8234;7;EL PARAISO;3;DANLI
8248;7;EL PARAISO;3;DANLI
8260;7;EL PARAISO;3;DANLI
8264;7;EL PARAISO;3;DANLI
8268;7;EL PARAISO;3;DANLI
8270;7;EL PARAISO;3;DANLI
8277;7;EL PARAISO;3;DANLI
8282;7;EL PARAISO;3;DANLI
8294;7;EL PARAISO;3;DANLI
8299;7;EL PARAISO;3;DANLI
8305;7;EL PARAISO;3;DANLI
8313;7;EL PARAISO;3;DANLI
8314;7;EL PARAISO;3;DANLI
8315;7;EL PARAISO;3;DANLI
8319;7;EL PARAISO;3;DANLI
8321;7;EL PARAISO;3;DANLI
8348;7;EL PARAISO;3;DANLI
8363;7;EL PARAISO;3;DANLI
8364;7;EL PARAISO;3;DANLI
8378;7;EL PARAISO;3;DANLI
8384;7;EL PARAISO;3;DANLI
8391;7;EL PARAISO;3;DANLI
8396;7;EL PARAISO;3;DANLI
8406;7;EL PARAISO;3;DANLI
8409;7;EL PARAISO;3;DANLI
8419;7;EL PARAISO;3;DANLI
8426;7;EL PARAISO;3;DANLI
8427;7;EL PARAISO;3;DANLI
8439;7;EL PARAISO;3;DANLI
8440;7;EL PARAISO;3;DANLI
8446;7;EL PARAISO;3;DANLI
8453;7;EL PARAISO;3;DANLI
8454;7;EL PARAISO;3;DANLI
8458;7;EL PARAISO;3;DANLI
8493;7;EL PARAISO;3;DANLI
8496;7;EL PARAISO;3;DANLI
8498;7;EL PARAISO;3;DANLI
8505;7;EL PARAISO;3;DANLI
8511;7;EL PARAISO;3;DANLI
8513;7;EL PARAISO;3;DANLI
8521;7;EL PARAISO;3;DANLI
8526;7;EL PARAISO;3;DANLI
8528;7;EL PARAISO;3;DANLI
8538;7;EL PARAISO;3;DANLI
8545;7;EL PARAISO;3;DANLI
8550;7;EL PARAISO;3;DANLI
8558;7;EL PARAISO;3;DANLI
8565;7;EL PARAISO;3;DANLI
8566;7;EL PARAISO;3;DANLI
8567;7;EL PARAISO;3;DANLI
8585;7;EL PARAISO;4;EL PARAISO
8594;7;EL PARAISO;4;EL PARAISO
8598;7;EL PARAISO;4;EL PARAISO
8606;7;EL PARAISO;4;EL PARAISO
8611;7;EL PARAISO;4;EL PARAISO
8612;7;EL PARAISO;4;EL PARAISO
8626;7;EL PARAISO;4;EL PARAISO
8637;7;EL PARAISO;4;EL PARAISO
8638;7;EL PARAISO;4;EL PARAISO
8641;7;EL PARAISO;4;EL PARAISO
8644;7;EL PARAISO;4;EL PARAISO
8645;7;EL PARAISO;4;EL PARAISO
8647;7;EL PARAISO;4;EL PARAISO
8655;7;EL PARAISO;4;EL PARAISO
8663;7;EL PARAISO;4;EL PARAISO
8674;7;EL PARAISO;4;EL PARAISO
8688;7;EL PARAISO;4;EL PARAISO
8701;7;EL PARAISO;5;GUINOPE
8706;7;EL PARAISO;5;GUINOPE
8737;7;EL PARAISO;7;LIURE
8748;7;EL PARAISO;7;LIURE
8749;7;EL PARAISO;7;LIURE
8772;7;EL PARAISO;8;MOROCELI
8773;7;EL PARAISO;8;MOROCELI
8791;7;EL PARAISO;8;MOROCELI
8812;7;EL PARAISO;9;OROPOLI
8816;7;EL PARAISO;9;OROPOLI
8823;7;EL PARAISO;9;OROPOLI
8828;7;EL PARAISO;10;POTRERILLOS
8829;7;EL PARAISO;10;POTRERILLOS
8844;7;EL PARAISO;11;SAN ANTONIO DE FLORES
8848;7;EL PARAISO;11;SAN ANTONIO DE FLORES
8849;7;EL PARAISO;11;SAN ANTONIO DE FLORES
8864;7;EL PARAISO;12;SAN LUCAS
8868;7;EL PARAISO;12;SAN LUCAS
8874;7;EL PARAISO;12;SAN LUCAS
8886;7;EL PARAISO;13;SAN MATIAS
8919;7;EL PARAISO;15;TEUPASENTI
8925;7;EL PARAISO;15;TEUPASENTI
8940;7;EL PARAISO;15;TEUPASENTI
8947;7;EL PARAISO;15;TEUPASENTI
8962;7;EL PARAISO;15;TEUPASENTI
8964;7;EL PARAISO;15;TEUPASENTI
8973;7;EL PARAISO;15;TEUPASENTI
8980;7;EL PARAISO;15;TEUPASENTI
9005;7;EL PARAISO;15;TEUPASENTI
9030;7;EL PARAISO;17;VADO ANCHO
9036;7;EL PARAISO;17;VADO ANCHO
9044;7;EL PARAISO;18;YAUYUPE
9056;7;EL PARAISO;19;TROJES
9096;7;EL PARAISO;19;TROJES
9110;7;EL PARAISO;19;TROJES
9116;7;EL PARAISO;19;TROJES
9153;7;EL PARAISO;19;TROJES
9159;7;EL PARAISO;19;TROJES
9168;7;EL PARAISO;19;TROJES
9170;7;EL PARAISO;19;TROJES
9176;8;FRANCISCO MORAZAN;1;DISTRITO CENTRAL
9178;8;FRANCISCO MORAZAN;1;DISTRITO CENTRAL
9179;8;FRANCISCO MORAZAN;1;DISTRITO CENTRAL
9191;8;FRANCISCO MORAZAN;1;DISTRITO CENTRAL
9197;8;FRANCISCO MORAZAN;1;DISTRITO CENTRAL
9198;8;FRANCISCO MORAZAN;1;DISTRITO CENTRAL
9214;8;FRANCISCO MORAZAN;1;DISTRITO CENTRAL
9218;8;FRANCISCO MORAZAN;1;DISTRITO CENTRAL
9219;8;FRANCISCO MORAZAN;1;DISTRITO CENTRAL
9220;8;FRANCISCO MORAZAN;1;DISTRITO CENTRAL
9230;8;FRANCISCO MORAZAN;1;DISTRITO CENTRAL
9234;8;FRANCISCO MORAZAN;1;DISTRITO CENTRAL
9238;8;FRANCISCO MORAZAN;1;DISTRITO CENTRAL
9243;8;FRANCISCO MORAZAN;1;DISTRITO CENTRAL
9247;8;FRANCISCO MORAZAN;1;DISTRITO CENTRAL
9249;8;FRANCISCO MORAZAN;1;DISTRITO CENTRAL
9255;8;FRANCISCO MORAZAN;1;DISTRITO CENTRAL
9268;8;FRANCISCO MORAZAN;1;DISTRITO CENTRAL
9273;8;FRANCISCO MORAZAN;1;DISTRITO CENTRAL
9274;8;FRANCISCO MORAZAN;1;DISTRITO CENTRAL
9288;8;FRANCISCO MORAZAN;1;DISTRITO CENTRAL
9293;8;FRANCISCO MORAZAN;1;DISTRITO CENTRAL
9310;8;FRANCISCO MORAZAN;1;DISTRITO CENTRAL
9311;8;FRANCISCO MORAZAN;1;DISTRITO CENTRAL
9319;8;FRANCISCO MORAZAN;1;DISTRITO CENTRAL
9329;8;FRANCISCO MORAZAN;1;DISTRITO CENTRAL
9335;8;FRANCISCO MORAZAN;1;DISTRITO CENTRAL
9352;8;FRANCISCO MORAZAN;1;DISTRITO CENTRAL
9355;8;FRANCISCO MORAZAN;1;DISTRITO CENTRAL
9371;8;FRANCISCO MORAZAN;1;DISTRITO CENTRAL
9374;8;FRANCISCO MORAZAN;1;DISTRITO CENTRAL
9376;8;FRANCISCO MORAZAN;1;DISTRITO CENTRAL
9382;8;FRANCISCO MORAZAN;1;DISTRITO CENTRAL
9383;8;FRANCISCO MORAZAN;1;DISTRITO CENTRAL
9385;8;FRANCISCO MORAZAN;1;DISTRITO CENTRAL
9390;8;FRANCISCO MORAZAN;1;DISTRITO CENTRAL
9397;8;FRANCISCO MORAZAN;1;DISTRITO CENTRAL
9401;8;FRANCISCO MORAZAN;1;DISTRITO CENTRAL
9403;8;FRANCISCO MORAZAN;1;DISTRITO CENTRAL
9409;8;FRANCISCO MORAZAN;1;DISTRITO CENTRAL
9414;8;FRANCISCO MORAZAN;1;DISTRITO CENTRAL
9417;8;FRANCISCO MORAZAN;1;DISTRITO CENTRAL
9419;8;FRANCISCO MORAZAN;1;DISTRITO CENTRAL
9431;8;FRANCISCO MORAZAN;1;DISTRITO CENTRAL
9434;8;FRANCISCO MORAZAN;1;DISTRITO CENTRAL
9435;8;FRANCISCO MORAZAN;1;DISTRITO CENTRAL
9449;8;FRANCISCO MORAZAN;1;DISTRITO CENTRAL
9457;8;FRANCISCO MORAZAN;1;DISTRITO CENTRAL
9470;8;FRANCISCO MORAZAN;1;DISTRITO CENTRAL
9472;8;FRANCISCO MORAZAN;1;DISTRITO CENTRAL
9480;8;FRANCISCO MORAZAN;1;DISTRITO CENTRAL
9481;8;FRANCISCO MORAZAN;1;DISTRITO CENTRAL
9486;8;FRANCISCO MORAZAN;1;DISTRITO CENTRAL
9487;8;FRANCISCO MORAZAN;1;DISTRITO CENTRAL
9500;8;FRANCISCO MORAZAN;1;DISTRITO CENTRAL
9501;8;FRANCISCO MORAZAN;1;DISTRITO CENTRAL
9502;8;FRANCISCO MORAZAN;1;DISTRITO CENTRAL
9513;8;FRANCISCO MORAZAN;1;DISTRITO CENTRAL
9514;8;FRANCISCO MORAZAN;1;DISTRITO CENTRAL
9516;8;FRANCISCO MORAZAN;1;DISTRITO CENTRAL
9525;8;FRANCISCO MORAZAN;1;DISTRITO CENTRAL
9531;8;FRANCISCO MORAZAN;1;DISTRITO CENTRAL
9547;8;FRANCISCO MORAZAN;1;DISTRITO CENTRAL
9549;8;FRANCISCO MORAZAN;1;DISTRITO CENTRAL
9550;8;FRANCISCO MORAZAN;1;DISTRITO CENTRAL
9554;8;FRANCISCO MORAZAN;1;DISTRITO CENTRAL
9557;8;FRANCISCO MORAZAN;1;DISTRITO CENTRAL
9573;8;FRANCISCO MORAZAN;1;DISTRITO CENTRAL
9597;8;FRANCISCO MORAZAN;1;DISTRITO CENTRAL
9604;8;FRANCISCO MORAZAN;1;DISTRITO CENTRAL
9605;8;FRANCISCO MORAZAN;1;DISTRITO CENTRAL
9627;8;FRANCISCO MORAZAN;1;DISTRITO CENTRAL
9628;8;FRANCISCO MORAZAN;1;DISTRITO CENTRAL
9633;8;FRANCISCO MORAZAN;1;DISTRITO CENTRAL
9635;8;FRANCISCO MORAZAN;1;DISTRITO CENTRAL
9644;8;FRANCISCO MORAZAN;1;DISTRITO CENTRAL
9645;8;FRANCISCO MORAZAN;1;DISTRITO CENTRAL
9649;8;FRANCISCO MORAZAN;1;DISTRITO CENTRAL
9674;8;FRANCISCO MORAZAN;1;DISTRITO CENTRAL
9675;8;FRANCISCO MORAZAN;1;DISTRITO CENTRAL
9683;8;FRANCISCO MORAZAN;1;DISTRITO CENTRAL
9685;8;FRANCISCO MORAZAN;1;DISTRITO CENTRAL
9689;8;FRANCISCO MORAZAN;1;DISTRITO CENTRAL
9699;8;FRANCISCO MORAZAN;1;DISTRITO CENTRAL
9702;8;FRANCISCO MORAZAN;1;DISTRITO CENTRAL
9705;8;FRANCISCO MORAZAN;1;DISTRITO CENTRAL
9708;8;FRANCISCO MORAZAN;1;DISTRITO CENTRAL
9715;8;FRANCISCO MORAZAN;1;DISTRITO CENTRAL
9719;8;FRANCISCO MORAZAN;1;DISTRITO CENTRAL
9742;8;FRANCISCO MORAZAN;1;DISTRITO CENTRAL
9746;8;FRANCISCO MORAZAN;1;DISTRITO CENTRAL
9759;8;FRANCISCO MORAZAN;1;DISTRITO CENTRAL
9762;8;FRANCISCO MORAZAN;1;DISTRITO CENTRAL
9778;8;FRANCISCO MORAZAN;1;DISTRITO CENTRAL
9779;8;FRANCISCO MORAZAN;1;DISTRITO CENTRAL
9783;8;FRANCISCO MORAZAN;1;DISTRITO CENTRAL
9784;8;FRANCISCO MORAZAN;1;DISTRITO CENTRAL
9787;8;FRANCISCO MORAZAN;1;DISTRITO CENTRAL
9791;8;FRANCISCO MORAZAN;1;DISTRITO CENTRAL
9796;8;FRANCISCO MORAZAN;1;DISTRITO CENTRAL
9807;8;FRANCISCO MORAZAN;1;DISTRITO CENTRAL
9808;8;FRANCISCO MORAZAN;1;DISTRITO CENTRAL
9819;8;FRANCISCO MORAZAN;1;DISTRITO CENTRAL
9820;8;FRANCISCO MORAZAN;1;DISTRITO CENTRAL
9825;8;FRANCISCO MORAZAN;1;DISTRITO CENTRAL
9845;8;FRANCISCO MORAZAN;1;DISTRITO CENTRAL
9865;8;FRANCISCO MORAZAN;1;DISTRITO CENTRAL
9871;8;FRANCISCO MORAZAN;1;DISTRITO CENTRAL
9876;8;FRANCISCO MORAZAN;1;DISTRITO CENTRAL
9877;8;FRANCISCO MORAZAN;1;DISTRITO CENTRAL
9879;8;FRANCISCO MORAZAN;1;DISTRITO CENTRAL
9882;8;FRANCISCO MORAZAN;1;DISTRITO CENTRAL
9886;8;FRANCISCO MORAZAN;1;DISTRITO CENTRAL
9887;8;FRANCISCO MORAZAN;1;DISTRITO CENTRAL
9894;8;FRANCISCO MORAZAN;1;DISTRITO CENTRAL
9896;8;FRANCISCO MORAZAN;1;DISTRITO CENTRAL
9897;8;FRANCISCO MORAZAN;1;DISTRITO CENTRAL
9909;8;FRANCISCO MORAZAN;1;DISTRITO CENTRAL
9910;8;FRANCISCO MORAZAN;1;DISTRITO CENTRAL
9913;8;FRANCISCO MORAZAN;1;DISTRITO CENTRAL
9915;8;FRANCISCO MORAZAN;1;DISTRITO CENTRAL
9916;8;FRANCISCO MORAZAN;1;DISTRITO CENTRAL
9920;8;FRANCISCO MORAZAN;1;DISTRITO CENTRAL
9921;8;FRANCISCO MORAZAN;1;DISTRITO CENTRAL
9922;8;FRANCISCO MORAZAN;1;DISTRITO CENTRAL
9928;8;FRANCISCO MORAZAN;1;DISTRITO CENTRAL
9930;8;FRANCISCO MORAZAN;1;DISTRITO CENTRAL
9947;8;FRANCISCO MORAZAN;1;DISTRITO CENTRAL
9957;8;FRANCISCO MORAZAN;1;DISTRITO CENTRAL
9963;8;FRANCISCO MORAZAN;1;DISTRITO CENTRAL
9966;8;FRANCISCO MORAZAN;1;DISTRITO CENTRAL
9970;8;FRANCISCO MORAZAN;1;DISTRITO CENTRAL
9973;8;FRANCISCO MORAZAN;1;DISTRITO CENTRAL
9974;8;FRANCISCO MORAZAN;1;DISTRITO CENTRAL
9979;8;FRANCISCO MORAZAN;1;DISTRITO CENTRAL
9980;8;FRANCISCO MORAZAN;1;DISTRITO CENTRAL
9981;8;FRANCISCO MORAZAN;1;DISTRITO CENTRAL
9982;8;FRANCISCO MORAZAN;1;DISTRITO CENTRAL
9984;8;FRANCISCO MORAZAN;1;DISTRITO CENTRAL
9985;8;FRANCISCO MORAZAN;1;DISTRITO CENTRAL
9986;8;FRANCISCO MORAZAN;1;DISTRITO CENTRAL
9988;8;FRANCISCO MORAZAN;1;DISTRITO CENTRAL
9990;8;FRANCISCO MORAZAN;1;DISTRITO CENTRAL
10002;8;FRANCISCO MORAZAN;1;DISTRITO CENTRAL
10014;8;FRANCISCO MORAZAN;1;DISTRITO CENTRAL
10025;8;FRANCISCO MORAZAN;1;DISTRITO CENTRAL
10027;8;FRANCISCO MORAZAN;1;DISTRITO CENTRAL
10030;8;FRANCISCO MORAZAN;1;DISTRITO CENTRAL
10035;8;FRANCISCO MORAZAN;1;DISTRITO CENTRAL
10036;8;FRANCISCO MORAZAN;1;DISTRITO CENTRAL
10039;8;FRANCISCO MORAZAN;1;DISTRITO CENTRAL
10042;8;FRANCISCO MORAZAN;1;DISTRITO CENTRAL
10051;8;FRANCISCO MORAZAN;1;DISTRITO CENTRAL
10053;8;FRANCISCO MORAZAN;1;DISTRITO CENTRAL
10055;8;FRANCISCO MORAZAN;1;DISTRITO CENTRAL
10056;8;FRANCISCO MORAZAN;1;DISTRITO CENTRAL
10057;8;FRANCISCO MORAZAN;1;DISTRITO CENTRAL
10060;8;FRANCISCO MORAZAN;1;DISTRITO CENTRAL
10062;8;FRANCISCO MORAZAN;1;DISTRITO CENTRAL
10064;8;FRANCISCO MORAZAN;1;DISTRITO CENTRAL
10069;8;FRANCISCO MORAZAN;1;DISTRITO CENTRAL
10085;8;FRANCISCO MORAZAN;1;DISTRITO CENTRAL
10099;8;FRANCISCO MORAZAN;1;DISTRITO CENTRAL
10110;8;FRANCISCO MORAZAN;1;DISTRITO CENTRAL
10111;8;FRANCISCO MORAZAN;1;DISTRITO CENTRAL
10115;8;FRANCISCO MORAZAN;1;DISTRITO CENTRAL
10116;8;FRANCISCO MORAZAN;1;DISTRITO CENTRAL
10117;8;FRANCISCO MORAZAN;1;DISTRITO CENTRAL
10118;8;FRANCISCO MORAZAN;1;DISTRITO CENTRAL
10119;8;FRANCISCO MORAZAN;1;DISTRITO CENTRAL
10120;8;FRANCISCO MORAZAN;1;DISTRITO CENTRAL
10122;8;FRANCISCO MORAZAN;1;DISTRITO CENTRAL
10125;8;FRANCISCO MORAZAN;1;DISTRITO CENTRAL
10127;8;FRANCISCO MORAZAN;1;DISTRITO CENTRAL
10133;8;FRANCISCO MORAZAN;1;DISTRITO CENTRAL
10136;8;FRANCISCO MORAZAN;1;DISTRITO CENTRAL
10140;8;FRANCISCO MORAZAN;1;DISTRITO CENTRAL
10148;8;FRANCISCO MORAZAN;1;DISTRITO CENTRAL
10150;8;FRANCISCO MORAZAN;1;DISTRITO CENTRAL
10151;8;FRANCISCO MORAZAN;1;DISTRITO CENTRAL
10152;8;FRANCISCO MORAZAN;1;DISTRITO CENTRAL
10154;8;FRANCISCO MORAZAN;1;DISTRITO CENTRAL
10159;8;FRANCISCO MORAZAN;1;DISTRITO CENTRAL
10163;8;FRANCISCO MORAZAN;1;DISTRITO CENTRAL
10164;8;FRANCISCO MORAZAN;1;DISTRITO CENTRAL
10166;8;FRANCISCO MORAZAN;1;DISTRITO CENTRAL
10167;8;FRANCISCO MORAZAN;1;DISTRITO CENTRAL
10168;8;FRANCISCO MORAZAN;1;DISTRITO CENTRAL
10177;8;FRANCISCO MORAZAN;1;DISTRITO CENTRAL
10185;8;FRANCISCO MORAZAN;1;DISTRITO CENTRAL
10186;8;FRANCISCO MORAZAN;1;DISTRITO CENTRAL
10189;8;FRANCISCO MORAZAN;1;DISTRITO CENTRAL
10199;8;FRANCISCO MORAZAN;1;DISTRITO CENTRAL
10200;8;FRANCISCO MORAZAN;1;DISTRITO CENTRAL
10204;8;FRANCISCO MORAZAN;1;DISTRITO CENTRAL
10208;8;FRANCISCO MORAZAN;1;DISTRITO CENTRAL
10212;8;FRANCISCO MORAZAN;1;DISTRITO CENTRAL
10225;8;FRANCISCO MORAZAN;1;DISTRITO CENTRAL
10227;8;FRANCISCO MORAZAN;1;DISTRITO CENTRAL
10230;8;FRANCISCO MORAZAN;1;DISTRITO CENTRAL
10250;8;FRANCISCO MORAZAN;1;DISTRITO CENTRAL
10252;8;FRANCISCO MORAZAN;1;DISTRITO CENTRAL
10254;8;FRANCISCO MORAZAN;1;DISTRITO CENTRAL
10260;8;FRANCISCO MORAZAN;1;DISTRITO CENTRAL
10264;8;FRANCISCO MORAZAN;1;DISTRITO CENTRAL
10265;8;FRANCISCO MORAZAN;1;DISTRITO CENTRAL
10267;8;FRANCISCO MORAZAN;1;DISTRITO CENTRAL
10269;8;FRANCISCO MORAZAN;1;DISTRITO CENTRAL
10278;8;FRANCISCO MORAZAN;1;DISTRITO CENTRAL
10284;8;FRANCISCO MORAZAN;1;DISTRITO CENTRAL
10287;8;FRANCISCO MORAZAN;1;DISTRITO CENTRAL
10291;8;FRANCISCO MORAZAN;1;DISTRITO CENTRAL
10295;8;FRANCISCO MORAZAN;1;DISTRITO CENTRAL
10297;8;FRANCISCO MORAZAN;1;DISTRITO CENTRAL
10300;8;FRANCISCO MORAZAN;1;DISTRITO CENTRAL
10307;8;FRANCISCO MORAZAN;1;DISTRITO CENTRAL
10314;8;FRANCISCO MORAZAN;1;DISTRITO CENTRAL
10316;8;FRANCISCO MORAZAN;1;DISTRITO CENTRAL
10326;8;FRANCISCO MORAZAN;1;DISTRITO CENTRAL
10331;8;FRANCISCO MORAZAN;1;DISTRITO CENTRAL
10343;8;FRANCISCO MORAZAN;1;DISTRITO CENTRAL
10345;8;FRANCISCO MORAZAN;1;DISTRITO CENTRAL
10349;8;FRANCISCO MORAZAN;1;DISTRITO CENTRAL
10360;8;FRANCISCO MORAZAN;1;DISTRITO CENTRAL
10362;8;FRANCISCO MORAZAN;1;DISTRITO CENTRAL
10363;8;FRANCISCO MORAZAN;1;DISTRITO CENTRAL
10364;8;FRANCISCO MORAZAN;1;DISTRITO CENTRAL
10372;8;FRANCISCO MORAZAN;1;DISTRITO CENTRAL
10374;8;FRANCISCO MORAZAN;1;DISTRITO CENTRAL
10378;8;FRANCISCO MORAZAN;1;DISTRITO CENTRAL
10380;8;FRANCISCO MORAZAN;1;DISTRITO CENTRAL
10383;8;FRANCISCO MORAZAN;1;DISTRITO CENTRAL
10390;8;FRANCISCO MORAZAN;1;DISTRITO CENTRAL
10401;8;FRANCISCO MORAZAN;1;DISTRITO CENTRAL
10413;8;FRANCISCO MORAZAN;1;DISTRITO CENTRAL
10415;8;FRANCISCO MORAZAN;1;DISTRITO CENTRAL
10420;8;FRANCISCO MORAZAN;1;DISTRITO CENTRAL
10434;8;FRANCISCO MORAZAN;1;DISTRITO CENTRAL
10447;8;FRANCISCO MORAZAN;1;DISTRITO CENTRAL
10451;8;FRANCISCO MORAZAN;1;DISTRITO CENTRAL
10456;8;FRANCISCO MORAZAN;1;DISTRITO CENTRAL
10465;8;FRANCISCO MORAZAN;1;DISTRITO CENTRAL
10474;8;FRANCISCO MORAZAN;1;DISTRITO CENTRAL
10480;8;FRANCISCO MORAZAN;1;DISTRITO CENTRAL
10483;8;FRANCISCO MORAZAN;1;DISTRITO CENTRAL
10489;8;FRANCISCO MORAZAN;1;DISTRITO CENTRAL
10498;8;FRANCISCO MORAZAN;1;DISTRITO CENTRAL
10503;8;FRANCISCO MORAZAN;1;DISTRITO CENTRAL
10504;8;FRANCISCO MORAZAN;1;DISTRITO CENTRAL
10505;8;FRANCISCO MORAZAN;1;DISTRITO CENTRAL
10506;8;FRANCISCO MORAZAN;1;DISTRITO CENTRAL
10507;8;FRANCISCO MORAZAN;1;DISTRITO CENTRAL
10512;8;FRANCISCO MORAZAN;1;DISTRITO CENTRAL
10513;8;FRANCISCO MORAZAN;1;DISTRITO CENTRAL
10514;8;FRANCISCO MORAZAN;1;DISTRITO CENTRAL
10531;8;FRANCISCO MORAZAN;1;DISTRITO CENTRAL
10544;8;FRANCISCO MORAZAN;1;DISTRITO CENTRAL
10548;8;FRANCISCO MORAZAN;1;DISTRITO CENTRAL
10550;8;FRANCISCO MORAZAN;1;DISTRITO CENTRAL
10551;8;FRANCISCO MORAZAN;1;DISTRITO CENTRAL
10555;8;FRANCISCO MORAZAN;1;DISTRITO CENTRAL
10560;8;FRANCISCO MORAZAN;1;DISTRITO CENTRAL
10562;8;FRANCISCO MORAZAN;1;DISTRITO CENTRAL
10567;8;FRANCISCO MORAZAN;1;DISTRITO CENTRAL
10568;8;FRANCISCO MORAZAN;1;DISTRITO CENTRAL
10570;8;FRANCISCO MORAZAN;1;DISTRITO CENTRAL
10571;8;FRANCISCO MORAZAN;1;DISTRITO CENTRAL
10582;8;FRANCISCO MORAZAN;1;DISTRITO CENTRAL
10587;8;FRANCISCO MORAZAN;1;DISTRITO CENTRAL
10590;8;FRANCISCO MORAZAN;1;DISTRITO CENTRAL
10595;8;FRANCISCO MORAZAN;1;DISTRITO CENTRAL
10596;8;FRANCISCO MORAZAN;1;DISTRITO CENTRAL
10598;8;FRANCISCO MORAZAN;1;DISTRITO CENTRAL
10602;8;FRANCISCO MORAZAN;1;DISTRITO CENTRAL
10634;8;FRANCISCO MORAZAN;1;DISTRITO CENTRAL
10651;8;FRANCISCO MORAZAN;1;DISTRITO CENTRAL
10666;8;FRANCISCO MORAZAN;1;DISTRITO CENTRAL
10668;8;FRANCISCO MORAZAN;1;DISTRITO CENTRAL
10670;8;FRANCISCO MORAZAN;1;DISTRITO CENTRAL
10681;8;FRANCISCO MORAZAN;1;DISTRITO CENTRAL
10690;8;FRANCISCO MORAZAN;1;DISTRITO CENTRAL
10701;8;FRANCISCO MORAZAN;1;DISTRITO CENTRAL
10702;8;FRANCISCO MORAZAN;1;DISTRITO CENTRAL
10704;8;FRANCISCO MORAZAN;1;DISTRITO CENTRAL
10705;8;FRANCISCO MORAZAN;1;DISTRITO CENTRAL
10706;8;FRANCISCO MORAZAN;1;DISTRITO CENTRAL
10711;8;FRANCISCO MORAZAN;1;DISTRITO CENTRAL
10714;8;FRANCISCO MORAZAN;1;DISTRITO CENTRAL
10733;8;FRANCISCO MORAZAN;1;DISTRITO CENTRAL
10735;8;FRANCISCO MORAZAN;1;DISTRITO CENTRAL
10742;8;FRANCISCO MORAZAN;1;DISTRITO CENTRAL
10748;8;FRANCISCO MORAZAN;1;DISTRITO CENTRAL
10751;8;FRANCISCO MORAZAN;1;DISTRITO CENTRAL
10754;8;FRANCISCO MORAZAN;1;DISTRITO CENTRAL
10755;8;FRANCISCO MORAZAN;1;DISTRITO CENTRAL
10781;8;FRANCISCO MORAZAN;1;DISTRITO CENTRAL
10788;8;FRANCISCO MORAZAN;1;DISTRITO CENTRAL
10796;8;FRANCISCO MORAZAN;1;DISTRITO CENTRAL
10800;8;FRANCISCO MORAZAN;1;DISTRITO CENTRAL
10806;8;FRANCISCO MORAZAN;1;DISTRITO CENTRAL
10807;8;FRANCISCO MORAZAN;1;DISTRITO CENTRAL
10819;8;FRANCISCO MORAZAN;1;DISTRITO CENTRAL
10825;8;FRANCISCO MORAZAN;1;DISTRITO CENTRAL
10831;8;FRANCISCO MORAZAN;1;DISTRITO CENTRAL
10842;8;FRANCISCO MORAZAN;1;DISTRITO CENTRAL
10843;8;FRANCISCO MORAZAN;1;DISTRITO CENTRAL
10853;8;FRANCISCO MORAZAN;1;DISTRITO CENTRAL
10854;8;FRANCISCO MORAZAN;1;DISTRITO CENTRAL
10857;8;FRANCISCO MORAZAN;1;DISTRITO CENTRAL
10860;8;FRANCISCO MORAZAN;1;DISTRITO CENTRAL
10863;8;FRANCISCO MORAZAN;1;DISTRITO CENTRAL
10869;8;FRANCISCO MORAZAN;1;DISTRITO CENTRAL
10871;8;FRANCISCO MORAZAN;1;DISTRITO CENTRAL
10877;8;FRANCISCO MORAZAN;1;DISTRITO CENTRAL
10885;8;FRANCISCO MORAZAN;1;DISTRITO CENTRAL
10887;8;FRANCISCO MORAZAN;1;DISTRITO CENTRAL
10892;8;FRANCISCO MORAZAN;1;DISTRITO CENTRAL
10900;8;FRANCISCO MORAZAN;1;DISTRITO CENTRAL
10904;8;FRANCISCO MORAZAN;1;DISTRITO CENTRAL
10905;8;FRANCISCO MORAZAN;1;DISTRITO CENTRAL
10917;8;FRANCISCO MORAZAN;1;DISTRITO CENTRAL
10919;8;FRANCISCO MORAZAN;1;DISTRITO CENTRAL
10923;8;FRANCISCO MORAZAN;1;DISTRITO CENTRAL
10924;8;FRANCISCO MORAZAN;1;DISTRITO CENTRAL
10931;8;FRANCISCO MORAZAN;1;DISTRITO CENTRAL
10932;8;FRANCISCO MORAZAN;1;DISTRITO CENTRAL
10960;8;FRANCISCO MORAZAN;1;DISTRITO CENTRAL
10962;8;FRANCISCO MORAZAN;1;DISTRITO CENTRAL
10963;8;FRANCISCO MORAZAN;1;DISTRITO CENTRAL
10976;8;FRANCISCO MORAZAN;1;DISTRITO CENTRAL
10981;8;FRANCISCO MORAZAN;1;DISTRITO CENTRAL
10986;8;FRANCISCO MORAZAN;1;DISTRITO CENTRAL
10990;8;FRANCISCO MORAZAN;1;DISTRITO CENTRAL
10997;8;FRANCISCO MORAZAN;1;DISTRITO CENTRAL
11007;8;FRANCISCO MORAZAN;1;DISTRITO CENTRAL
11008;8;FRANCISCO MORAZAN;1;DISTRITO CENTRAL
11033;8;FRANCISCO MORAZAN;1;DISTRITO CENTRAL
11039;8;FRANCISCO MORAZAN;1;DISTRITO CENTRAL
11042;8;FRANCISCO MORAZAN;1;DISTRITO CENTRAL
11044;8;FRANCISCO MORAZAN;1;DISTRITO CENTRAL
11052;8;FRANCISCO MORAZAN;1;DISTRITO CENTRAL
11053;8;FRANCISCO MORAZAN;1;DISTRITO CENTRAL
11058;8;FRANCISCO MORAZAN;1;DISTRITO CENTRAL
11060;8;FRANCISCO MORAZAN;1;DISTRITO CENTRAL
11065;8;FRANCISCO MORAZAN;1;DISTRITO CENTRAL
11066;8;FRANCISCO MORAZAN;1;DISTRITO CENTRAL
11083;8;FRANCISCO MORAZAN;1;DISTRITO CENTRAL
11084;8;FRANCISCO MORAZAN;1;DISTRITO CENTRAL
11089;8;FRANCISCO MORAZAN;1;DISTRITO CENTRAL
11093;8;FRANCISCO MORAZAN;1;DISTRITO CENTRAL
11097;8;FRANCISCO MORAZAN;1;DISTRITO CENTRAL
11107;8;FRANCISCO MORAZAN;1;DISTRITO CENTRAL
11111;8;FRANCISCO MORAZAN;1;DISTRITO CENTRAL
11123;8;FRANCISCO MORAZAN;1;DISTRITO CENTRAL
11125;8;FRANCISCO MORAZAN;1;DISTRITO CENTRAL
11128;8;FRANCISCO MORAZAN;1;DISTRITO CENTRAL
11131;8;FRANCISCO MORAZAN;1;DISTRITO CENTRAL
11135;8;FRANCISCO MORAZAN;1;DISTRITO CENTRAL
11136;8;FRANCISCO MORAZAN;1;DISTRITO CENTRAL
11138;8;FRANCISCO MORAZAN;1;DISTRITO CENTRAL
11146;8;FRANCISCO MORAZAN;1;DISTRITO CENTRAL
11160;8;FRANCISCO MORAZAN;1;DISTRITO CENTRAL
11162;8;FRANCISCO MORAZAN;1;DISTRITO CENTRAL
11165;8;FRANCISCO MORAZAN;1;DISTRITO CENTRAL
11174;8;FRANCISCO MORAZAN;1;DISTRITO CENTRAL
11178;8;FRANCISCO MORAZAN;1;DISTRITO CENTRAL
11181;8;FRANCISCO MORAZAN;1;DISTRITO CENTRAL
11185;8;FRANCISCO MORAZAN;1;DISTRITO CENTRAL
11186;8;FRANCISCO MORAZAN;1;DISTRITO CENTRAL
11199;8;FRANCISCO MORAZAN;1;DISTRITO CENTRAL
11201;8;FRANCISCO MORAZAN;1;DISTRITO CENTRAL
11212;8;FRANCISCO MORAZAN;1;DISTRITO CENTRAL
11213;8;FRANCISCO MORAZAN;1;DISTRITO CENTRAL
11217;8;FRANCISCO MORAZAN;1;DISTRITO CENTRAL
11222;8;FRANCISCO MORAZAN;1;DISTRITO CENTRAL
11225;8;FRANCISCO MORAZAN;1;DISTRITO CENTRAL
11228;8;FRANCISCO MORAZAN;1;DISTRITO CENTRAL
11236;8;FRANCISCO MORAZAN;1;DISTRITO CENTRAL
11247;8;FRANCISCO MORAZAN;1;DISTRITO CENTRAL
11255;8;FRANCISCO MORAZAN;1;DISTRITO CENTRAL
11257;8;FRANCISCO MORAZAN;1;DISTRITO CENTRAL
11258;8;FRANCISCO MORAZAN;1;DISTRITO CENTRAL
11267;8;FRANCISCO MORAZAN;1;DISTRITO CENTRAL
11272;8;FRANCISCO MORAZAN;1;DISTRITO CENTRAL
11274;8;FRANCISCO MORAZAN;1;DISTRITO CENTRAL
11276;8;FRANCISCO MORAZAN;1;DISTRITO CENTRAL
11289;8;FRANCISCO MORAZAN;1;DISTRITO CENTRAL
11291;8;FRANCISCO MORAZAN;1;DISTRITO CENTRAL
11295;8;FRANCISCO MORAZAN;1;DISTRITO CENTRAL
11301;8;FRANCISCO MORAZAN;1;DISTRITO CENTRAL
11303;8;FRANCISCO MORAZAN;1;DISTRITO CENTRAL
11305;8;FRANCISCO MORAZAN;1;DISTRITO CENTRAL
11306;8;FRANCISCO MORAZAN;1;DISTRITO CENTRAL
11310;8;FRANCISCO MORAZAN;1;DISTRITO CENTRAL
11327;8;FRANCISCO MORAZAN;1;DISTRITO CENTRAL
11335;8;FRANCISCO MORAZAN;1;DISTRITO CENTRAL
11342;8;FRANCISCO MORAZAN;1;DISTRITO CENTRAL
11345;8;FRANCISCO MORAZAN;1;DISTRITO CENTRAL
11350;8;FRANCISCO MORAZAN;1;DISTRITO CENTRAL
11357;8;FRANCISCO MORAZAN;1;DISTRITO CENTRAL
11371;8;FRANCISCO MORAZAN;1;DISTRITO CENTRAL
11386;8;FRANCISCO MORAZAN;1;DISTRITO CENTRAL
11390;8;FRANCISCO MORAZAN;1;DISTRITO CENTRAL
11400;8;FRANCISCO MORAZAN;1;DISTRITO CENTRAL
11401;8;FRANCISCO MORAZAN;1;DISTRITO CENTRAL
11403;8;FRANCISCO MORAZAN;1;DISTRITO CENTRAL
11406;8;FRANCISCO MORAZAN;1;DISTRITO CENTRAL
11417;8;FRANCISCO MORAZAN;1;DISTRITO CENTRAL
11433;8;FRANCISCO MORAZAN;1;DISTRITO CENTRAL
11434;8;FRANCISCO MORAZAN;1;DISTRITO CENTRAL
11442;8;FRANCISCO MORAZAN;1;DISTRITO CENTRAL
11443;8;FRANCISCO MORAZAN;1;DISTRITO CENTRAL
11449;8;FRANCISCO MORAZAN;1;DISTRITO CENTRAL
11451;8;FRANCISCO MORAZAN;1;DISTRITO CENTRAL
11454;8;FRANCISCO MORAZAN;1;DISTRITO CENTRAL
11456;8;FRANCISCO MORAZAN;1;DISTRITO CENTRAL
11471;8;FRANCISCO MORAZAN;1;DISTRITO CENTRAL
11475;8;FRANCISCO MORAZAN;1;DISTRITO CENTRAL
11478;8;FRANCISCO MORAZAN;1;DISTRITO CENTRAL
11479;8;FRANCISCO MORAZAN;1;DISTRITO CENTRAL
11483;8;FRANCISCO MORAZAN;1;DISTRITO CENTRAL
11494;8;FRANCISCO MORAZAN;1;DISTRITO CENTRAL
11502;8;FRANCISCO MORAZAN;1;DISTRITO CENTRAL
11511;8;FRANCISCO MORAZAN;1;DISTRITO CENTRAL
11518;8;FRANCISCO MORAZAN;1;DISTRITO CENTRAL
11541;8;FRANCISCO MORAZAN;1;DISTRITO CENTRAL
11542;8;FRANCISCO MORAZAN;1;DISTRITO CENTRAL
11556;8;FRANCISCO MORAZAN;1;DISTRITO CENTRAL
11562;8;FRANCISCO MORAZAN;1;DISTRITO CENTRAL
11567;8;FRANCISCO MORAZAN;1;DISTRITO CENTRAL
11568;8;FRANCISCO MORAZAN;1;DISTRITO CENTRAL
11574;8;FRANCISCO MORAZAN;1;DISTRITO CENTRAL
11577;8;FRANCISCO MORAZAN;1;DISTRITO CENTRAL
11606;8;FRANCISCO MORAZAN;1;DISTRITO CENTRAL
11608;8;FRANCISCO MORAZAN;1;DISTRITO CENTRAL
11614;8;FRANCISCO MORAZAN;2;ALUBAREN
11618;8;FRANCISCO MORAZAN;2;ALUBAREN
11643;8;FRANCISCO MORAZAN;3;CEDROS
11682;8;FRANCISCO MORAZAN;3;CEDROS
11683;8;FRANCISCO MORAZAN;3;CEDROS
11712;8;FRANCISCO MORAZAN;4;CURAREN
11722;8;FRANCISCO MORAZAN;4;CURAREN
11732;8;FRANCISCO MORAZAN;4;CURAREN
11735;8;FRANCISCO MORAZAN;5;EL PORVENIR
11791;8;FRANCISCO MORAZAN;6;GUAIMACA
11795;8;FRANCISCO MORAZAN;6;GUAIMACA
11796;8;FRANCISCO MORAZAN;6;GUAIMACA
11808;8;FRANCISCO MORAZAN;6;GUAIMACA
11822;8;FRANCISCO MORAZAN;6;GUAIMACA
11826;8;FRANCISCO MORAZAN;6;GUAIMACA
11855;8;FRANCISCO MORAZAN;7;LA LIBERTAD
11858;8;FRANCISCO MORAZAN;7;LA LIBERTAD
11896;8;FRANCISCO MORAZAN;9;LEPATERIQUE
11935;8;FRANCISCO MORAZAN;9;LEPATERIQUE
11936;8;FRANCISCO MORAZAN;9;LEPATERIQUE
11941;8;FRANCISCO MORAZAN;10;MARAITA
11961;8;FRANCISCO MORAZAN;11;MARALE
11966;8;FRANCISCO MORAZAN;11;MARALE
11984;8;FRANCISCO MORAZAN;12;NUEVA ARMENIA
11994;8;FRANCISCO MORAZAN;13;OJOJONA
12010;8;FRANCISCO MORAZAN;13;OJOJONA
12023;8;FRANCISCO MORAZAN;13;OJOJONA
12028;8;FRANCISCO MORAZAN;14;ORICA
12044;8;FRANCISCO MORAZAN;14;ORICA
12047;8;FRANCISCO MORAZAN;14;ORICA
12062;8;FRANCISCO MORAZAN;14;ORICA
12082;8;FRANCISCO MORAZAN;15;REITOCA
12083;8;FRANCISCO MORAZAN;15;REITOCA
12092;8;FRANCISCO MORAZAN;15;REITOCA
12103;8;FRANCISCO MORAZAN;16;SABANAGRANDE
12111;8;FRANCISCO MORAZAN;16;SABANAGRANDE
12121;8;FRANCISCO MORAZAN;16;SABANAGRANDE
12127;8;FRANCISCO MORAZAN;16;SABANAGRANDE
12139;8;FRANCISCO MORAZAN;16;SABANAGRANDE
12140;8;FRANCISCO MORAZAN;16;SABANAGRANDE
12146;8;FRANCISCO MORAZAN;16;SABANAGRANDE
12175;8;FRANCISCO MORAZAN;17;SAN ANTONIO DE ORIENTE
12199;8;FRANCISCO MORAZAN;18;SAN BUENAVENTURA
12230;8;FRANCISCO MORAZAN;20;CANTARRANAS
12240;8;FRANCISCO MORAZAN;20;CANTARRANAS
12243;8;FRANCISCO MORAZAN;20;CANTARRANAS
12254;8;FRANCISCO MORAZAN;20;CANTARRANAS
12258;8;FRANCISCO MORAZAN;20;CANTARRANAS
12259;8;FRANCISCO MORAZAN;20;CANTARRANAS
12263;8;FRANCISCO MORAZAN;20;CANTARRANAS
12275;8;FRANCISCO MORAZAN;21;SAN MIGUELITO
12283;8;FRANCISCO MORAZAN;22;SANTA ANA
12295;8;FRANCISCO MORAZAN;22;SANTA ANA
12299;8;FRANCISCO MORAZAN;22;SANTA ANA
12307;8;FRANCISCO MORAZAN;22;SANTA ANA
12316;8;FRANCISCO MORAZAN;22;SANTA ANA
12327;8;FRANCISCO MORAZAN;23;SANTA LUCIA
12329;8;FRANCISCO MORAZAN;23;SANTA LUCIA
12332;8;FRANCISCO MORAZAN;23;SANTA LUCIA
12334;8;FRANCISCO MORAZAN;23;SANTA LUCIA
12337;8;FRANCISCO MORAZAN;23;SANTA LUCIA
12341;8;FRANCISCO MORAZAN;23;SANTA LUCIA
12344;8;FRANCISCO MORAZAN;23;SANTA LUCIA
12348;8;FRANCISCO MORAZAN;23;SANTA LUCIA
12349;8;FRANCISCO MORAZAN;23;SANTA LUCIA
12371;8;FRANCISCO MORAZAN;24;TALANGA
12406;8;FRANCISCO MORAZAN;24;TALANGA
12422;8;FRANCISCO MORAZAN;24;TALANGA
12424;8;FRANCISCO MORAZAN;24;TALANGA
12430;8;FRANCISCO MORAZAN;24;TALANGA
12435;8;FRANCISCO MORAZAN;24;TALANGA
12445;8;FRANCISCO MORAZAN;24;TALANGA
12454;8;FRANCISCO MORAZAN;25;TATUMBLA
12455;8;FRANCISCO MORAZAN;25;TATUMBLA
12458;8;FRANCISCO MORAZAN;25;TATUMBLA
12459;8;FRANCISCO MORAZAN;25;TATUMBLA
12460;8;FRANCISCO MORAZAN;25;TATUMBLA
12487;8;FRANCISCO MORAZAN;26;VALLE DE ANGELES
12489;8;FRANCISCO MORAZAN;26;VALLE DE ANGELES
12504;8;FRANCISCO MORAZAN;26;VALLE DE ANGELES
12506;8;FRANCISCO MORAZAN;26;VALLE DE ANGELES
12521;8;FRANCISCO MORAZAN;26;VALLE DE ANGELES
12531;8;FRANCISCO MORAZAN;27;VILLA SAN FRANCISCO
12544;8;FRANCISCO MORAZAN;27;VILLA SAN FRANCISCO
12545;8;FRANCISCO MORAZAN;27;VILLA SAN FRANCISCO
12561;8;FRANCISCO MORAZAN;28;VALLECILLOS
12566;8;FRANCISCO MORAZAN;28;VALLECILLOS
12571;8;FRANCISCO MORAZAN;28;VALLECILLOS
12573;8;FRANCISCO MORAZAN;28;VALLECILLOS
12591;9;GRACIAS A DIOS;1;PUERTO LEMPIRA
12608;9;GRACIAS A DIOS;1;PUERTO LEMPIRA
12609;9;GRACIAS A DIOS;1;PUERTO LEMPIRA
12612;9;GRACIAS A DIOS;1;PUERTO LEMPIRA
12617;9;GRACIAS A DIOS;1;PUERTO LEMPIRA
12619;9;GRACIAS A DIOS;1;PUERTO LEMPIRA
12627;9;GRACIAS A DIOS;1;PUERTO LEMPIRA
12628;9;GRACIAS A DIOS;1;PUERTO LEMPIRA
12630;9;GRACIAS A DIOS;1;PUERTO LEMPIRA
12636;9;GRACIAS A DIOS;1;PUERTO LEMPIRA
12644;9;GRACIAS A DIOS;1;PUERTO LEMPIRA
12645;9;GRACIAS A DIOS;1;PUERTO LEMPIRA
12646;9;GRACIAS A DIOS;1;PUERTO LEMPIRA
12647;9;GRACIAS A DIOS;1;PUERTO LEMPIRA
12648;9;GRACIAS A DIOS;1;PUERTO LEMPIRA
12650;9;GRACIAS A DIOS;1;PUERTO LEMPIRA
12656;9;GRACIAS A DIOS;1;PUERTO LEMPIRA
12671;9;GRACIAS A DIOS;2;BRUS LAGUNA
12679;9;GRACIAS A DIOS;2;BRUS LAGUNA
12684;9;GRACIAS A DIOS;2;BRUS LAGUNA
12687;9;GRACIAS A DIOS;3;AHUAS
12689;9;GRACIAS A DIOS;3;AHUAS
12695;9;GRACIAS A DIOS;3;AHUAS
12697;9;GRACIAS A DIOS;3;AHUAS
12698;9;GRACIAS A DIOS;3;AHUAS
12699;9;GRACIAS A DIOS;3;AHUAS
12701;9;GRACIAS A DIOS;3;AHUAS
12717;9;GRACIAS A DIOS;4;JUAN FRANCISCO BULNES
12727;9;GRACIAS A DIOS;5;VILLEDA MORALES
12734;9;GRACIAS A DIOS;5;VILLEDA MORALES
12746;9;GRACIAS A DIOS;6;WAMPUSIRPI
12747;9;GRACIAS A DIOS;6;WAMPUSIRPI
12765;10;INTIBUCA;1;LA ESPERANZA
12797;10;INTIBUCA;2;CAMASCA
12798;10;INTIBUCA;2;CAMASCA
12802;10;INTIBUCA;2;CAMASCA
12851;10;INTIBUCA;4;CONCEPCION
12870;10;INTIBUCA;5;DOLORES
12875;10;INTIBUCA;5;DOLORES
12879;10;INTIBUCA;6;INTIBUCA
12882;10;INTIBUCA;6;INTIBUCA
12907;10;INTIBUCA;6;INTIBUCA
12928;10;INTIBUCA;6;INTIBUCA
12932;10;INTIBUCA;6;INTIBUCA
12944;10;INTIBUCA;6;INTIBUCA
12946;10;INTIBUCA;6;INTIBUCA
12962;10;INTIBUCA;6;INTIBUCA
12965;10;INTIBUCA;6;INTIBUCA
12970;10;INTIBUCA;6;INTIBUCA
12972;10;INTIBUCA;6;INTIBUCA
12974;10;INTIBUCA;6;INTIBUCA
12977;10;INTIBUCA;6;INTIBUCA
12995;10;INTIBUCA;6;INTIBUCA
12996;10;INTIBUCA;6;INTIBUCA
12999;10;INTIBUCA;6;INTIBUCA
13011;10;INTIBUCA;7;JESUS DE OTORO
13059;10;INTIBUCA;7;JESUS DE OTORO
13060;10;INTIBUCA;7;JESUS DE OTORO
13064;10;INTIBUCA;7;JESUS DE OTORO
13069;10;INTIBUCA;7;JESUS DE OTORO
13076;10;INTIBUCA;7;JESUS DE OTORO
13080;10;INTIBUCA;8;MAGDALENA
13093;10;INTIBUCA;9;MASAGUARA
13094;10;INTIBUCA;9;MASAGUARA
13097;10;INTIBUCA;9;MASAGUARA
13118;10;INTIBUCA;9;MASAGUARA
13124;10;INTIBUCA;10;SAN ANTONIO
13151;10;INTIBUCA;11;SAN ISIDRO
13154;10;INTIBUCA;12;SAN JUAN
13161;10;INTIBUCA;12;SAN JUAN
13169;10;INTIBUCA;12;SAN JUAN
13175;10;INTIBUCA;12;SAN JUAN
13190;10;INTIBUCA;13;SAN MARCOS SIERRA
13193;10;INTIBUCA;13;SAN MARCOS SIERRA
13220;10;INTIBUCA;14;SAN MIGUELITO
13237;10;INTIBUCA;15;SANTA LUCIA
13246;10;INTIBUCA;16;YAMARANGUILA
13254;10;INTIBUCA;16;YAMARANGUILA
13259;10;INTIBUCA;16;YAMARANGUILA
13271;10;INTIBUCA;16;YAMARANGUILA
13275;10;INTIBUCA;16;YAMARANGUILA
13295;10;INTIBUCA;16;YAMARANGUILA
13299;10;INTIBUCA;17;SAN FRANCISCO DE OPALACA
13301;10;INTIBUCA;17;SAN FRANCISCO DE OPALACA
13304;10;INTIBUCA;17;SAN FRANCISCO DE OPALACA
13311;10;INTIBUCA;17;SAN FRANCISCO DE OPALACA
13317;10;INTIBUCA;17;SAN FRANCISCO DE OPALACA
13319;10;INTIBUCA;17;SAN FRANCISCO DE OPALACA
13344;11;ISLAS DE LA BAHIA;1;ROATAN
13347;11;ISLAS DE LA BAHIA;1;ROATAN
13348;11;ISLAS DE LA BAHIA;1;ROATAN
13356;11;ISLAS DE LA BAHIA;1;ROATAN
13359;11;ISLAS DE LA BAHIA;1;ROATAN
13363;11;ISLAS DE LA BAHIA;1;ROATAN
13364;11;ISLAS DE LA BAHIA;1;ROATAN
13379;11;ISLAS DE LA BAHIA;1;ROATAN
13383;11;ISLAS DE LA BAHIA;1;ROATAN
13384;11;ISLAS DE LA BAHIA;1;ROATAN
13394;11;ISLAS DE LA BAHIA;1;ROATAN
13397;11;ISLAS DE LA BAHIA;1;ROATAN
13400;11;ISLAS DE LA BAHIA;1;ROATAN
13405;11;ISLAS DE LA BAHIA;1;ROATAN
13416;11;ISLAS DE LA BAHIA;1;ROATAN
13429;11;ISLAS DE LA BAHIA;2;GUANAJA
13431;11;ISLAS DE LA BAHIA;2;GUANAJA
13452;11;ISLAS DE LA BAHIA;3;JOSE SANTOS GUARDIOLA
13453;11;ISLAS DE LA BAHIA;3;JOSE SANTOS GUARDIOLA
13454;11;ISLAS DE LA BAHIA;3;JOSE SANTOS GUARDIOLA
13456;11;ISLAS DE LA BAHIA;3;JOSE SANTOS GUARDIOLA
13462;11;ISLAS DE LA BAHIA;3;JOSE SANTOS GUARDIOLA
13468;11;ISLAS DE LA BAHIA;4;UTILA
13471;11;ISLAS DE LA BAHIA;4;UTILA
13487;12;LA PAZ;1;LA PAZ
13496;12;LA PAZ;1;LA PAZ
13506;12;LA PAZ;1;LA PAZ
13526;12;LA PAZ;1;LA PAZ
13531;12;LA PAZ;1;LA PAZ
13533;12;LA PAZ;1;LA PAZ
13536;12;LA PAZ;1;LA PAZ
13539;12;LA PAZ;1;LA PAZ
13546;12;LA PAZ;1;LA PAZ
13548;12;LA PAZ;1;LA PAZ
13551;12;LA PAZ;1;LA PAZ
13563;12;LA PAZ;1;LA PAZ
13570;12;LA PAZ;1;LA PAZ
13574;12;LA PAZ;2;AGUANQUETERIQUE
13616;12;LA PAZ;5;CHINACLA
13635;12;LA PAZ;6;GUAJIQUIRO
13664;12;LA PAZ;7;LAUTERIQUE
13676;12;LA PAZ;8;MARCALA
13678;12;LA PAZ;8;MARCALA
13687;12;LA PAZ;8;MARCALA
13696;12;LA PAZ;8;MARCALA
13699;12;LA PAZ;8;MARCALA
13710;12;LA PAZ;8;MARCALA
13725;12;LA PAZ;8;MARCALA
13730;12;LA PAZ;8;MARCALA
13732;12;LA PAZ;8;MARCALA
13737;12;LA PAZ;9;MERCEDES DE ORIENTE
13739;12;LA PAZ;10;OPATORO
13740;12;LA PAZ;10;OPATORO
13752;12;LA PAZ;10;OPATORO
13770;12;LA PAZ;12;SAN JOSE
13777;12;LA PAZ;12;SAN JOSE
13783;12;LA PAZ;12;SAN JOSE
13816;12;LA PAZ;14;SAN PEDRO DE TUTULE
13824;12;LA PAZ;15;SANTA ANA
13829;12;LA PAZ;15;SANTA ANA
13831;12;LA PAZ;15;SANTA ANA
13840;12;LA PAZ;15;SANTA ANA
13842;12;LA PAZ;15;SANTA ANA
13846;12;LA PAZ;15;SANTA ANA
13860;12;LA PAZ;16;SANTA ELENA
13862;12;LA PAZ;16;SANTA ELENA
13870;12;LA PAZ;16;SANTA ELENA
13876;12;LA PAZ;16;SANTA ELENA
13934;12;LA PAZ;18;SANTIAGO DE PURINGLA
13960;12;LA PAZ;19;YARULA
13985;13;LEMPIRA;1;GRACIAS
14010;13;LEMPIRA;1;GRACIAS
14011;13;LEMPIRA;1;GRACIAS
14014;13;LEMPIRA;1;GRACIAS
14030;13;LEMPIRA;1;GRACIAS
14053;13;LEMPIRA;1;GRACIAS
14060;13;LEMPIRA;1;GRACIAS
14073;13;LEMPIRA;1;GRACIAS
14077;13;LEMPIRA;1;GRACIAS
14106;13;LEMPIRA;3;CANDELARIA
14122;13;LEMPIRA;4;COLOLACA
14131;13;LEMPIRA;4;COLOLACA
14145;13;LEMPIRA;5;ERANDIQUE
14169;13;LEMPIRA;5;ERANDIQUE
14175;13;LEMPIRA;6;GUALCINCE
14184;13;LEMPIRA;6;GUALCINCE
14206;13;LEMPIRA;7;GUARITA
14239;13;LEMPIRA;9;LA IGUALA
14255;13;LEMPIRA;9;LA IGUALA
14271;13;LEMPIRA;9;LA IGUALA
14285;13;LEMPIRA;9;LA IGUALA
14288;13;LEMPIRA;9;LA IGUALA
14307;13;LEMPIRA;10;LAS FLORES
14371;13;LEMPIRA;12;LA VIRTUD
14372;13;LEMPIRA;12;LA VIRTUD
14397;13;LEMPIRA;13;LEPAERA
14400;13;LEMPIRA;13;LEPAERA
14403;13;LEMPIRA;13;LEPAERA
14407;13;LEMPIRA;13;LEPAERA
14412;13;LEMPIRA;13;LEPAERA
14415;13;LEMPIRA;13;LEPAERA
14417;13;LEMPIRA;13;LEPAERA
14421;13;LEMPIRA;13;LEPAERA
14424;13;LEMPIRA;13;LEPAERA
14445;13;LEMPIRA;13;LEPAERA
14457;13;LEMPIRA;13;LEPAERA
14490;13;LEMPIRA;15;PIRAERA
14495;13;LEMPIRA;15;PIRAERA
14533;13;LEMPIRA;16;SAN ANDRES
14536;13;LEMPIRA;16;SAN ANDRES
14555;13;LEMPIRA;17;SAN FRANCISCO
14557;13;LEMPIRA;17;SAN FRANCISCO
14558;13;LEMPIRA;17;SAN FRANCISCO
14566;13;LEMPIRA;18;SAN JUAN GUARITA
14574;13;LEMPIRA;19;SAN MANUEL COLOHETE
14593;13;LEMPIRA;19;SAN MANUEL COLOHETE
14614;13;LEMPIRA;20;SAN RAFAEL
14620;13;LEMPIRA;20;SAN RAFAEL
14628;13;LEMPIRA;20;SAN RAFAEL
14630;13;LEMPIRA;20;SAN RAFAEL
14641;13;LEMPIRA;21;SAN SEBASTIAN
14643;13;LEMPIRA;21;SAN SEBASTIAN
14685;13;LEMPIRA;23;TALGUA
14689;13;LEMPIRA;23;TALGUA
14701;13;LEMPIRA;23;TALGUA
14711;13;LEMPIRA;24;TAMBLA
14722;13;LEMPIRA;25;TOMALA
14724;13;LEMPIRA;25;TOMALA
14748;13;LEMPIRA;27;VIRGINIA
14781;14;OCOTEPEQUE;1;OCOTEPEQUE
14791;14;OCOTEPEQUE;1;OCOTEPEQUE
14797;14;OCOTEPEQUE;1;OCOTEPEQUE
14810;14;OCOTEPEQUE;1;OCOTEPEQUE
14814;14;OCOTEPEQUE;1;OCOTEPEQUE
14832;14;OCOTEPEQUE;2;BELEN GUALCHO
14856;14;OCOTEPEQUE;3;CONCEPCION
14867;14;OCOTEPEQUE;4;DOLORES MERENDON
14907;14;OCOTEPEQUE;7;LA LABOR
14916;14;OCOTEPEQUE;7;LA LABOR
14922;14;OCOTEPEQUE;7;LA LABOR
14947;14;OCOTEPEQUE;9;MERCEDES
14956;14;OCOTEPEQUE;9;MERCEDES
14982;14;OCOTEPEQUE;11;SAN FRANCISCO DEL VALLE
14999;14;OCOTEPEQUE;11;SAN FRANCISCO DEL VALLE
15026;14;OCOTEPEQUE;13;SAN MARCOS
15036;14;OCOTEPEQUE;13;SAN MARCOS
15059;14;OCOTEPEQUE;13;SAN MARCOS
15061;14;OCOTEPEQUE;13;SAN MARCOS
15112;14;OCOTEPEQUE;16;SINUAPA
15134;15;OLANCHO;1;JUTICALPA
15156;15;OLANCHO;1;JUTICALPA
15159;15;OLANCHO;1;JUTICALPA
15173;15;OLANCHO;1;JUTICALPA
15195;15;OLANCHO;1;JUTICALPA
15204;15;OLANCHO;1;JUTICALPA
15212;15;OLANCHO;1;JUTICALPA
15214;15;OLANCHO;1;JUTICALPA
15216;15;OLANCHO;1;JUTICALPA
15249;15;OLANCHO;1;JUTICALPA
15254;15;OLANCHO;1;JUTICALPA
15279;15;OLANCHO;1;JUTICALPA
15288;15;OLANCHO;1;JUTICALPA
15298;15;OLANCHO;1;JUTICALPA
15316;15;OLANCHO;1;JUTICALPA
15321;15;OLANCHO;1;JUTICALPA
15342;15;OLANCHO;1;JUTICALPA
15354;15;OLANCHO;1;JUTICALPA
15370;15;OLANCHO;1;JUTICALPA
15418;15;OLANCHO;2;CAMPAMENTO
15423;15;OLANCHO;2;CAMPAMENTO
15432;15;OLANCHO;2;CAMPAMENTO
15435;15;OLANCHO;2;CAMPAMENTO
15466;15;OLANCHO;3;CATACAMAS
15490;15;OLANCHO;3;CATACAMAS
15547;15;OLANCHO;3;CATACAMAS
15552;15;OLANCHO;3;CATACAMAS
15554;15;OLANCHO;3;CATACAMAS
15556;15;OLANCHO;3;CATACAMAS
15558;15;OLANCHO;3;CATACAMAS
15591;15;OLANCHO;3;CATACAMAS
15600;15;OLANCHO;3;CATACAMAS
15605;15;OLANCHO;3;CATACAMAS
15612;15;OLANCHO;3;CATACAMAS
15614;15;OLANCHO;3;CATACAMAS
15633;15;OLANCHO;3;CATACAMAS
15637;15;OLANCHO;3;CATACAMAS
15640;15;OLANCHO;3;CATACAMAS
15646;15;OLANCHO;3;CATACAMAS
15647;15;OLANCHO;3;CATACAMAS
15680;15;OLANCHO;3;CATACAMAS
15694;15;OLANCHO;4;CONCORDIA
15705;15;OLANCHO;4;CONCORDIA
15708;15;OLANCHO;4;CONCORDIA
15745;15;OLANCHO;5;DULCE NOMBRE DE CULMI
15753;15;OLANCHO;5;DULCE NOMBRE DE CULMI
15755;15;OLANCHO;5;DULCE NOMBRE DE CULMI
15773;15;OLANCHO;5;DULCE NOMBRE DE CULMI
15775;15;OLANCHO;5;DULCE NOMBRE DE CULMI
15778;15;OLANCHO;5;DULCE NOMBRE DE CULMI
15793;15;OLANCHO;6;EL ROSARIO
15803;15;OLANCHO;7;ESQUIPULAS DEL NORTE
15805;15;OLANCHO;7;ESQUIPULAS DEL NORTE
15807;15;OLANCHO;7;ESQUIPULAS DEL NORTE
15810;15;OLANCHO;7;ESQUIPULAS DEL NORTE
15833;15;OLANCHO;8;GUALACO
15841;15;OLANCHO;8;GUALACO
15843;15;OLANCHO;8;GUALACO
15849;15;OLANCHO;8;GUALACO
15894;15;OLANCHO;10;GUATA
15896;15;OLANCHO;10;GUATA
15958;15;OLANCHO;13;LA UNION
15968;15;OLANCHO;13;LA UNION
15988;15;OLANCHO;14;MANGULILE
15991;15;OLANCHO;15;MANTO
16029;15;OLANCHO;16;SALAMA
16048;15;OLANCHO;17;SAN ESTEBAN
16060;15;OLANCHO;17;SAN ESTEBAN
16064;15;OLANCHO;17;SAN ESTEBAN
16072;15;OLANCHO;17;SAN ESTEBAN
16077;15;OLANCHO;17;SAN ESTEBAN
16104;15;OLANCHO;18;SAN FRANCISCO DE BECERRA
16122;15;OLANCHO;19;SAN FRANCISCO DE LA PAZ
16147;15;OLANCHO;19;SAN FRANCISCO DE LA PAZ
16153;15;OLANCHO;19;SAN FRANCISCO DE LA PAZ
16154;15;OLANCHO;19;SAN FRANCISCO DE LA PAZ
16155;15;OLANCHO;19;SAN FRANCISCO DE LA PAZ
16164;15;OLANCHO;20;SANTA MARIA DEL REAL
16166;15;OLANCHO;20;SANTA MARIA DEL REAL
16170;15;OLANCHO;20;SANTA MARIA DEL REAL
16176;15;OLANCHO;20;SANTA MARIA DEL REAL
16183;15;OLANCHO;20;SANTA MARIA DEL REAL
16195;15;OLANCHO;21;SILCA
16201;15;OLANCHO;21;SILCA
16214;15;OLANCHO;22;YOCON
16224;15;OLANCHO;22;YOCON
16241;15;OLANCHO;23;PATUCA
16245;15;OLANCHO;23;PATUCA
16254;15;OLANCHO;23;PATUCA
16273;15;OLANCHO;23;PATUCA
16281;15;OLANCHO;23;PATUCA
16300;15;OLANCHO;23;PATUCA
16310;15;OLANCHO;23;PATUCA
16313;16;SANTA BARBARA;1;SANTA BARBARA
16321;16;SANTA BARBARA;1;SANTA BARBARA
16322;16;SANTA BARBARA;1;SANTA BARBARA
16342;16;SANTA BARBARA;1;SANTA BARBARA
16349;16;SANTA BARBARA;1;SANTA BARBARA
16358;16;SANTA BARBARA;1;SANTA BARBARA
16359;16;SANTA BARBARA;1;SANTA BARBARA
16373;16;SANTA BARBARA;1;SANTA BARBARA
16374;16;SANTA BARBARA;1;SANTA BARBARA
16375;16;SANTA BARBARA;1;SANTA BARBARA
16399;16;SANTA BARBARA;1;SANTA BARBARA
16401;16;SANTA BARBARA;1;SANTA BARBARA
16411;16;SANTA BARBARA;1;SANTA BARBARA
16416;16;SANTA BARBARA;1;SANTA BARBARA
16428;16;SANTA BARBARA;2;ARADA
16433;16;SANTA BARBARA;2;ARADA
16440;16;SANTA BARBARA;2;ARADA
16458;16;SANTA BARBARA;3;ATIMA
16468;16;SANTA BARBARA;3;ATIMA
16475;16;SANTA BARBARA;3;ATIMA
16495;16;SANTA BARBARA;4;AZACUALPA
16504;16;SANTA BARBARA;4;AZACUALPA
16506;16;SANTA BARBARA;4;AZACUALPA
16516;16;SANTA BARBARA;4;AZACUALPA
16524;16;SANTA BARBARA;4;AZACUALPA
16536;16;SANTA BARBARA;4;AZACUALPA
16549;16;SANTA BARBARA;5;CEGUACA
16558;16;SANTA BARBARA;6;SAN JOSE DE COLINAS
16569;16;SANTA BARBARA;6;SAN JOSE DE COLINAS
16583;16;SANTA BARBARA;6;SAN JOSE DE COLINAS
16585;16;SANTA BARBARA;6;SAN JOSE DE COLINAS
16589;16;SANTA BARBARA;6;SAN JOSE DE COLINAS
16590;16;SANTA BARBARA;6;SAN JOSE DE COLINAS
16609;16;SANTA BARBARA;6;SAN JOSE DE COLINAS
16615;16;SANTA BARBARA;7;CONCEPCION DEL NORTE
16629;16;SANTA BARBARA;7;CONCEPCION DEL NORTE
16635;16;SANTA BARBARA;7;CONCEPCION DEL NORTE
16651;16;SANTA BARBARA;8;CONCEPCION DEL SUR
16653;16;SANTA BARBARA;8;CONCEPCION DEL SUR
16656;16;SANTA BARBARA;9;CHINDA
16683;16;SANTA BARBARA;10;EL NISPERO
16686;16;SANTA BARBARA;10;EL NISPERO
16710;16;SANTA BARBARA;11;GUALALA
16715;16;SANTA BARBARA;12;ILAMA
16721;16;SANTA BARBARA;12;ILAMA
16737;16;SANTA BARBARA;12;ILAMA
16764;16;SANTA BARBARA;13;MACUELIZO
16771;16;SANTA BARBARA;13;MACUELIZO
16797;16;SANTA BARBARA;13;MACUELIZO
16814;16;SANTA BARBARA;13;MACUELIZO
16815;16;SANTA BARBARA;13;MACUELIZO
16827;16;SANTA BARBARA;14;NARANJITO
16830;16;SANTA BARBARA;14;NARANJITO
16847;16;SANTA BARBARA;14;NARANJITO
16849;16;SANTA BARBARA;14;NARANJITO
16855;16;SANTA BARBARA;15;NUEVO CELILAC
16865;16;SANTA BARBARA;15;NUEVO CELILAC
16869;16;SANTA BARBARA;15;NUEVO CELILAC
16873;16;SANTA BARBARA;16;PETOA
16887;16;SANTA BARBARA;16;PETOA
16900;16;SANTA BARBARA;16;PETOA
16904;16;SANTA BARBARA;16;PETOA
16909;16;SANTA BARBARA;17;PROTECCION
16916;16;SANTA BARBARA;17;PROTECCION
16917;16;SANTA BARBARA;17;PROTECCION
16918;16;SANTA BARBARA;17;PROTECCION
16933;16;SANTA BARBARA;17;PROTECCION
16934;16;SANTA BARBARA;17;PROTECCION
16939;16;SANTA BARBARA;17;PROTECCION
16947;16;SANTA BARBARA;18;QUIMISTAN
16954;16;SANTA BARBARA;18;QUIMISTAN
16955;16;SANTA BARBARA;18;QUIMISTAN
16961;16;SANTA BARBARA;18;QUIMISTAN
16971;16;SANTA BARBARA;18;QUIMISTAN
16976;16;SANTA BARBARA;18;QUIMISTAN
16985;16;SANTA BARBARA;18;QUIMISTAN
16987;16;SANTA BARBARA;18;QUIMISTAN
16991;16;SANTA BARBARA;18;QUIMISTAN
17000;16;SANTA BARBARA;18;QUIMISTAN
17003;16;SANTA BARBARA;18;QUIMISTAN
17005;16;SANTA BARBARA;18;QUIMISTAN
17019;16;SANTA BARBARA;18;QUIMISTAN
17020;16;SANTA BARBARA;18;QUIMISTAN
17024;16;SANTA BARBARA;18;QUIMISTAN
17070;16;SANTA BARBARA;20;SAN LUIS
17073;16;SANTA BARBARA;20;SAN LUIS
17096;16;SANTA BARBARA;20;SAN LUIS
17104;16;SANTA BARBARA;20;SAN LUIS
17122;16;SANTA BARBARA;20;SAN LUIS
17123;16;SANTA BARBARA;20;SAN LUIS
17124;16;SANTA BARBARA;20;SAN LUIS
17126;16;SANTA BARBARA;20;SAN LUIS
17132;16;SANTA BARBARA;21;SAN MARCOS
17144;16;SANTA BARBARA;21;SAN MARCOS
17149;16;SANTA BARBARA;21;SAN MARCOS
17159;16;SANTA BARBARA;21;SAN MARCOS
17162;16;SANTA BARBARA;21;SAN MARCOS
17218;16;SANTA BARBARA;23;SAN PEDRO DE ZACAPA
17233;16;SANTA BARBARA;23;SAN PEDRO DE ZACAPA
17255;16;SANTA BARBARA;25;SAN VICENTE CENTENARIO
17256;16;SANTA BARBARA;26;TRINIDAD
17257;16;SANTA BARBARA;26;TRINIDAD
17293;16;SANTA BARBARA;26;TRINIDAD
17309;16;SANTA BARBARA;27;LAS VEGAS
17316;16;SANTA BARBARA;27;LAS VEGAS
17319;16;SANTA BARBARA;27;LAS VEGAS
17328;16;SANTA BARBARA;27;LAS VEGAS
17330;16;SANTA BARBARA;27;LAS VEGAS
17335;16;SANTA BARBARA;27;LAS VEGAS
17358;16;SANTA BARBARA;27;LAS VEGAS
17359;16;SANTA BARBARA;27;LAS VEGAS
17380;16;SANTA BARBARA;28;NUEVA FRONTERA
17391;16;SANTA BARBARA;28;NUEVA FRONTERA
17399;16;SANTA BARBARA;28;NUEVA FRONTERA
17439;17;VALLE;1;NACAOME
17442;17;VALLE;1;NACAOME
17449;17;VALLE;1;NACAOME
17450;17;VALLE;1;NACAOME
17454;17;VALLE;1;NACAOME
17494;17;VALLE;1;NACAOME
17499;17;VALLE;1;NACAOME
17505;17;VALLE;1;NACAOME
17506;17;VALLE;1;NACAOME
17518;17;VALLE;1;NACAOME
17520;17;VALLE;1;NACAOME
17530;17;VALLE;1;NACAOME
17545;17;VALLE;1;NACAOME
17548;17;VALLE;1;NACAOME
17549;17;VALLE;1;NACAOME
17588;17;VALLE;3;AMAPALA
17609;17;VALLE;4;ARAMECINA
17612;17;VALLE;4;ARAMECINA
17614;17;VALLE;4;ARAMECINA
17620;17;VALLE;4;ARAMECINA
17653;17;VALLE;6;GOASCORAN
17657;17;VALLE;6;GOASCORAN
17685;17;VALLE;7;LANGUE
17699;17;VALLE;7;LANGUE
17710;17;VALLE;7;LANGUE
17715;17;VALLE;7;LANGUE
17717;17;VALLE;7;LANGUE
17729;17;VALLE;7;LANGUE
17732;17;VALLE;7;LANGUE
17743;17;VALLE;8;SAN FRANCISCO DE CORAY
17746;17;VALLE;8;SAN FRANCISCO DE CORAY
17813;17;VALLE;9;SAN LORENZO
17831;17;VALLE;9;SAN LORENZO
17836;17;VALLE;9;SAN LORENZO
17843;17;VALLE;9;SAN LORENZO
17861;17;VALLE;9;SAN LORENZO
17870;18;YORO;1;YORO
17876;18;YORO;1;YORO
17883;18;YORO;1;YORO
17884;18;YORO;1;YORO
17920;18;YORO;1;YORO
17926;18;YORO;1;YORO
17930;18;YORO;1;YORO
17935;18;YORO;1;YORO
17938;18;YORO;1;YORO
17958;18;YORO;1;YORO
17970;18;YORO;1;YORO
17973;18;YORO;1;YORO
17980;18;YORO;1;YORO
17989;18;YORO;1;YORO
17993;18;YORO;1;YORO
17995;18;YORO;1;YORO
18000;18;YORO;1;YORO
18009;18;YORO;1;YORO
18014;18;YORO;1;YORO
18019;18;YORO;1;YORO
18029;18;YORO;1;YORO
18033;18;YORO;1;YORO
18048;18;YORO;1;YORO
18057;18;YORO;2;ARENAL
18066;18;YORO;2;ARENAL
18105;18;YORO;3;EL NEGRITO
18130;18;YORO;3;EL NEGRITO
18133;18;YORO;3;EL NEGRITO
18135;18;YORO;3;EL NEGRITO
18143;18;YORO;3;EL NEGRITO
18144;18;YORO;3;EL NEGRITO
18149;18;YORO;3;EL NEGRITO
18171;18;YORO;4;EL PROGRESO
18183;18;YORO;4;EL PROGRESO
18187;18;YORO;4;EL PROGRESO
18189;18;YORO;4;EL PROGRESO
18193;18;YORO;4;EL PROGRESO
18200;18;YORO;4;EL PROGRESO
18202;18;YORO;4;EL PROGRESO
18213;18;YORO;4;EL PROGRESO
18214;18;YORO;4;EL PROGRESO
18216;18;YORO;4;EL PROGRESO
18229;18;YORO;4;EL PROGRESO
18234;18;YORO;4;EL PROGRESO
18240;18;YORO;4;EL PROGRESO
18241;18;YORO;4;EL PROGRESO
18245;18;YORO;4;EL PROGRESO
18249;18;YORO;4;EL PROGRESO
18280;18;YORO;4;EL PROGRESO
18285;18;YORO;4;EL PROGRESO
18293;18;YORO;4;EL PROGRESO
18294;18;YORO;4;EL PROGRESO
18296;18;YORO;4;EL PROGRESO
18299;18;YORO;4;EL PROGRESO
18302;18;YORO;4;EL PROGRESO
18315;18;YORO;4;EL PROGRESO
18316;18;YORO;4;EL PROGRESO
18317;18;YORO;4;EL PROGRESO
18319;18;YORO;4;EL PROGRESO
18327;18;YORO;4;EL PROGRESO
18328;18;YORO;4;EL PROGRESO
18345;18;YORO;4;EL PROGRESO
18354;18;YORO;4;EL PROGRESO
18366;18;YORO;4;EL PROGRESO
18369;18;YORO;4;EL PROGRESO
18372;18;YORO;4;EL PROGRESO
18380;18;YORO;4;EL PROGRESO
18391;18;YORO;4;EL PROGRESO
18405;18;YORO;4;EL PROGRESO
18424;18;YORO;4;EL PROGRESO
18434;18;YORO;4;EL PROGRESO
18441;18;YORO;4;EL PROGRESO
18448;18;YORO;4;EL PROGRESO
18458;18;YORO;4;EL PROGRESO
18468;18;YORO;4;EL PROGRESO
18477;18;YORO;4;EL PROGRESO
18479;18;YORO;4;EL PROGRESO
18480;18;YORO;4;EL PROGRESO
18483;18;YORO;4;EL PROGRESO
18486;18;YORO;4;EL PROGRESO
18488;18;YORO;4;EL PROGRESO
18491;18;YORO;4;EL PROGRESO
18500;18;YORO;4;EL PROGRESO
18503;18;YORO;4;EL PROGRESO
18505;18;YORO;4;EL PROGRESO
18507;18;YORO;4;EL PROGRESO
18513;18;YORO;4;EL PROGRESO
18516;18;YORO;4;EL PROGRESO
18517;18;YORO;4;EL PROGRESO
18518;18;YORO;4;EL PROGRESO
18519;18;YORO;4;EL PROGRESO
18520;18;YORO;4;EL PROGRESO
18526;18;YORO;4;EL PROGRESO
18527;18;YORO;4;EL PROGRESO
18544;18;YORO;4;EL PROGRESO
18549;18;YORO;4;EL PROGRESO
18551;18;YORO;4;EL PROGRESO
18560;18;YORO;4;EL PROGRESO
18561;18;YORO;4;EL PROGRESO
18574;18;YORO;4;EL PROGRESO
18575;18;YORO;4;EL PROGRESO
18590;18;YORO;5;JOCON
18599;18;YORO;5;JOCON
18608;18;YORO;5;JOCON
18625;18;YORO;6;MORAZAN
18645;18;YORO;6;MORAZAN
18661;18;YORO;6;MORAZAN
18687;18;YORO;6;MORAZAN
18690;18;YORO;6;MORAZAN
18719;18;YORO;7;OLANCHITO
18734;18;YORO;7;OLANCHITO
18743;18;YORO;7;OLANCHITO
18746;18;YORO;7;OLANCHITO
18748;18;YORO;7;OLANCHITO
18749;18;YORO;7;OLANCHITO
18803;18;YORO;7;OLANCHITO
18804;18;YORO;7;OLANCHITO
18805;18;YORO;7;OLANCHITO
18813;18;YORO;7;OLANCHITO
18821;18;YORO;7;OLANCHITO
18827;18;YORO;7;OLANCHITO
18830;18;YORO;7;OLANCHITO
18836;18;YORO;7;OLANCHITO
18839;18;YORO;7;OLANCHITO
18855;18;YORO;7;OLANCHITO
18857;18;YORO;7;OLANCHITO
18865;18;YORO;7;OLANCHITO
18866;18;YORO;7;OLANCHITO
18869;18;YORO;7;OLANCHITO
18873;18;YORO;7;OLANCHITO
18893;18;YORO;7;OLANCHITO
18928;18;YORO;7;OLANCHITO
18936;18;YORO;8;SANTA RITA
18938;18;YORO;8;SANTA RITA
18943;18;YORO;8;SANTA RITA
18946;18;YORO;8;SANTA RITA
18954;18;YORO;8;SANTA RITA
18968;18;YORO;8;SANTA RITA
19010;18;YORO;9;SULACO
19011;18;YORO;9;SULACO
19019;18;YORO;9;SULACO
19023;18;YORO;9;SULACO
19025;18;YORO;9;SULACO
19030;18;YORO;9;SULACO
19032;18;YORO;9;SULACO
19038;18;YORO;10;VICTORIA
19062;18;YORO;10;VICTORIA
19083;18;YORO;10;VICTORIA
19101;18;YORO;10;VICTORIA
19151;18;YORO;11;YORITO
19153;20;VOTO EN EL EXTERIOR;1;HOUSTON
19154;20;VOTO EN EL EXTERIOR;1;HOUSTON
19155;20;VOTO EN EL EXTERIOR;2;LOS ANGELES
19156;20;VOTO EN EL EXTERIOR;3;MIAMI
19157;20;VOTO EN EL EXTERIOR;3;MIAMI
19158;20;VOTO EN EL EXTERIOR;4;NEW ORLEANS
19159;20;VOTO EN EL EXTERIOR;5;NEW YORK
19160;20;VOTO EN EL EXTERIOR;6;WASHINGTON
19161;20;VOTO EN EL EXTERIOR;6;WASHINGTON
19162;20;VOTO EN EL EXTERIOR;7;ATLANTA
19163;20;VOTO EN EL EXTERIOR;8;CHICAGO
19164;20;VOTO EN EL EXTERIOR;9;DALLAS
19165;20;VOTO EN EL EXTERIOR;13;BOSTON
19166;20;VOTO EN EL EXTERIOR;14;SAN FRANCISCO
19167;20;VOTO EN EL EXTERIOR;15;CHARLOTTE
